arquivo,tipo,classe,nome,rank_cc,complexity,linha_ini,linha_fim
piccolo/table.py,function,,create_table_class,A,1,1655,1682
piccolo/table.py,function,,create_db_tables_sync,A,1,1722,1728
piccolo/table.py,function,,create_tables,A,1,1731,1747
piccolo/table.py,function,,drop_db_tables_sync,A,1,1783,1787
piccolo/table.py,function,,drop_tables,A,1,1790,1806
piccolo/table.py,method,TableMeta,columns,A,1,117,118
piccolo/table.py,method,TableMeta,default_columns,A,1,121,122
piccolo/table.py,method,TableMeta,non_default_columns,A,1,125,126
piccolo/table.py,method,TableMeta,array_columns,A,1,129,130
piccolo/table.py,method,TableMeta,email_columns,A,1,133,134
piccolo/table.py,method,TableMeta,foreign_key_columns,A,1,137,138
piccolo/table.py,method,TableMeta,primary_key,A,1,141,142
piccolo/table.py,method,TableMeta,json_columns,A,1,145,146
piccolo/table.py,method,TableMeta,secret_columns,A,1,149,150
piccolo/table.py,method,TableMeta,auto_update_columns,A,1,153,154
piccolo/table.py,method,TableMeta,m2m_relationships,A,1,157,158
piccolo/table.py,method,TableMeta,foreign_key_references,A,1,184,191
piccolo/table.py,method,TableMeta,db,A,1,204,205
piccolo/table.py,method,TableMetaclass,__str__,A,1,286,287
piccolo/table.py,method,TableMetaclass,__repr__,A,1,289,312
piccolo/table.py,method,Table,_create_serial_primary_key,A,1,597,602
piccolo/table.py,method,Table,from_dict,A,1,605,613
piccolo/table.py,method,Table,update_self,A,1,675,708
piccolo/table.py,method,Table,refresh,A,1,727,757
piccolo/table.py,method,Table,get_related,A,1,760,762
piccolo/table.py,method,Table,get_related,A,1,765,765
piccolo/table.py,method,Table,get_m2m,A,1,797,808
piccolo/table.py,method,Table,add_m2m,A,1,810,858
piccolo/table.py,method,Table,remove_m2m,A,1,861,878
piccolo/table.py,method,Table,__setitem__,A,1,933,934
piccolo/table.py,method,Table,__getitem__,A,1,936,937
piccolo/table.py,method,Table,get_readable,A,1,968,972
piccolo/table.py,method,Table,__str__,A,1,990,991
piccolo/table.py,method,Table,raw,A,1,1207,1222
piccolo/table.py,method,Table,select,A,1,1243,1268
piccolo/table.py,method,Table,delete,A,1,1272,1285
piccolo/table.py,method,Table,create_table,A,1,1288,1306
piccolo/table.py,method,Table,alter,A,1,1310,1319
piccolo/table.py,method,Table,objects,A,1,1322,1360
piccolo/table.py,method,Table,count,A,1,1363,1409
piccolo/table.py,method,Table,exists,A,1,1412,1421
piccolo/table.py,method,Table,table_exists,A,1,1424,1433
piccolo/table.py,method,Table,indexes,A,1,1488,1497
piccolo/table.py,method,Table,create_index,A,1,1500,1519
piccolo/table.py,method,Table,drop_index,A,1,1523,1537
piccolo/table.py,method,Table,_get_index_name,A,1,1542,1546
piccolo/schema.py,method,SchemaDDLBase,ddl,A,1,17,18
piccolo/schema.py,method,SchemaDDLBase,__await__,A,1,20,21
piccolo/schema.py,method,SchemaDDLBase,run,A,1,23,24
piccolo/schema.py,method,SchemaDDLBase,run_sync,A,1,26,27
piccolo/schema.py,method,SchemaDDLBase,__str__,A,1,29,30
piccolo/schema.py,method,CreateSchema,__init__,A,1,34,43
piccolo/schema.py,method,DropSchema,__init__,A,1,62,73
piccolo/schema.py,method,RenameSchema,__init__,A,1,89,97
piccolo/schema.py,method,RenameSchema,ddl,A,1,100,103
piccolo/schema.py,method,MoveTable,__init__,A,1,108,118
piccolo/schema.py,method,ListTables,__init__,A,1,130,132
piccolo/schema.py,method,ListTables,run_sync,A,1,150,151
piccolo/schema.py,method,ListTables,__await__,A,1,153,154
piccolo/schema.py,method,ListSchemas,__init__,A,1,158,159
piccolo/schema.py,method,ListSchemas,run_sync,A,1,172,173
piccolo/schema.py,method,ListSchemas,__await__,A,1,175,176
piccolo/schema.py,method,SchemaManager,create_schema,A,1,195,212
piccolo/schema.py,method,SchemaManager,drop_schema,A,1,215,240
piccolo/schema.py,method,SchemaManager,rename_schema,A,1,243,263
piccolo/schema.py,method,SchemaManager,move_table,A,1,266,292
piccolo/schema.py,method,SchemaManager,list_tables,A,1,295,306
piccolo/schema.py,method,SchemaManager,list_schemas,A,1,308,316
piccolo/table_reflection.py,method,Immutable,_immutable,A,1,17,18
piccolo/table_reflection.py,method,ImmutableDict,__new__,A,1,28,29
piccolo/table_reflection.py,method,ImmutableDict,copy,A,1,31,33
piccolo/table_reflection.py,method,ImmutableDict,__reduce__,A,1,37,38
piccolo/table_reflection.py,method,ImmutableDict,_insert_item,A,1,40,44
piccolo/table_reflection.py,method,ImmutableDict,_delete_item,A,1,46,50
piccolo/table_reflection.py,method,ImmutableDict,__repr__,A,1,52,53
piccolo/table_reflection.py,method,TableStorage,clear,A,1,146,155
piccolo/querystring.py,method,Selectable,get_select_string,A,1,33,41
piccolo/querystring.py,method,Selectable,as_alias,A,1,43,48
piccolo/querystring.py,method,QueryString,__init__,A,1,75,105
piccolo/querystring.py,method,QueryString,as_alias,A,1,132,134
piccolo/querystring.py,method,QueryString,freeze,A,1,237,239
piccolo/querystring.py,method,QueryString,get_where_string,A,1,252,254
piccolo/querystring.py,method,QueryString,eq,A,1,272,273
piccolo/querystring.py,method,QueryString,ne,A,1,275,276
piccolo/querystring.py,method,QueryString,__or__,A,1,278,281
piccolo/querystring.py,method,QueryString,__add__,A,1,283,284
piccolo/querystring.py,method,QueryString,__sub__,A,1,286,287
piccolo/querystring.py,method,QueryString,__gt__,A,1,289,290
piccolo/querystring.py,method,QueryString,__ge__,A,1,292,293
piccolo/querystring.py,method,QueryString,__lt__,A,1,295,296
piccolo/querystring.py,method,QueryString,__le__,A,1,298,299
piccolo/querystring.py,method,QueryString,__truediv__,A,1,301,302
piccolo/querystring.py,method,QueryString,__mul__,A,1,304,305
piccolo/querystring.py,method,QueryString,__pow__,A,1,307,308
piccolo/querystring.py,method,QueryString,__mod__,A,1,310,311
piccolo/querystring.py,method,QueryString,is_in,A,1,313,314
piccolo/querystring.py,method,QueryString,not_in,A,1,316,317
piccolo/querystring.py,method,QueryString,like,A,1,319,320
piccolo/querystring.py,method,QueryString,ilike,A,1,322,323
piccolo/main.py,function,,get_diagnose_flag,A,1,33,34
piccolo/testing/model_builder.py,method,ModelBuilder,build,A,1,33,80
piccolo/testing/model_builder.py,method,ModelBuilder,build_sync,A,1,84,99
piccolo/testing/test_case.py,method,TableTest,setUp,A,1,36,37
piccolo/testing/test_case.py,method,TableTest,tearDown,A,1,39,40
piccolo/testing/test_case.py,method,AsyncTableTest,asyncSetUp,A,1,60,61
piccolo/testing/test_case.py,method,AsyncTableTest,asyncTearDown,A,1,63,64
piccolo/testing/test_case.py,method,AsyncTransactionTest,asyncTearDown,A,1,123,125
piccolo/testing/random_builder.py,method,RandomBuilder,next_bool,A,1,12,13
piccolo/testing/random_builder.py,method,RandomBuilder,next_bytes,A,1,16,17
piccolo/testing/random_builder.py,method,RandomBuilder,next_date,A,1,20,24
piccolo/testing/random_builder.py,method,RandomBuilder,next_float,A,1,44,47
piccolo/testing/random_builder.py,method,RandomBuilder,next_decimal,A,1,50,58
piccolo/testing/random_builder.py,method,RandomBuilder,next_int,A,1,61,62
piccolo/testing/random_builder.py,method,RandomBuilder,next_email,A,1,71,75
piccolo/testing/random_builder.py,method,RandomBuilder,next_time,A,1,78,82
piccolo/testing/random_builder.py,method,RandomBuilder,next_timedelta,A,1,86,90
piccolo/testing/random_builder.py,method,RandomBuilder,next_uuid,A,1,94,95
piccolo/query/base.py,method,Timer,__enter__,A,1,22,23
piccolo/query/base.py,method,Timer,__exit__,A,1,25,27
piccolo/query/base.py,method,Query,__init__,A,1,33,39
piccolo/query/base.py,method,Query,_validate,A,1,139,145
piccolo/query/base.py,method,Query,__await__,A,1,147,152
piccolo/query/base.py,method,Query,run,A,1,203,206
piccolo/query/base.py,method,Query,response_handler,A,1,234,239
piccolo/query/base.py,method,Query,sqlite_querystrings,A,1,244,245
piccolo/query/base.py,method,Query,postgres_querystrings,A,1,248,249
piccolo/query/base.py,method,Query,cockroach_querystrings,A,1,252,253
piccolo/query/base.py,method,Query,default_querystrings,A,1,256,257
piccolo/query/base.py,method,FrozenQuery,__init__,A,1,356,357
piccolo/query/base.py,method,FrozenQuery,run,A,1,359,360
piccolo/query/base.py,method,FrozenQuery,run_sync,A,1,362,363
piccolo/query/base.py,method,FrozenQuery,__str__,A,1,374,375
piccolo/query/base.py,method,DDL,__init__,A,1,384,385
piccolo/query/base.py,method,DDL,sqlite_ddl,A,1,396,397
piccolo/query/base.py,method,DDL,postgres_ddl,A,1,400,401
piccolo/query/base.py,method,DDL,cockroach_ddl,A,1,404,405
piccolo/query/base.py,method,DDL,default_ddl,A,1,408,409
piccolo/query/base.py,method,DDL,__await__,A,1,437,442
piccolo/query/base.py,method,DDL,__str__,A,1,471,472
piccolo/query/mixins.py,method,Distinct,__str__,A,1,81,82
piccolo/query/mixins.py,method,Distinct,copy,A,1,84,85
piccolo/query/mixins.py,method,Limit,querystring,A,1,99,100
piccolo/query/mixins.py,method,Limit,__str__,A,1,102,103
piccolo/query/mixins.py,method,Limit,copy,A,1,105,106
piccolo/query/mixins.py,method,AsOf,querystring,A,1,120,121
piccolo/query/mixins.py,method,AsOf,__str__,A,1,123,124
piccolo/query/mixins.py,method,Offset,querystring,A,1,138,139
piccolo/query/mixins.py,method,Offset,__str__,A,1,141,142
piccolo/query/mixins.py,method,OrderBy,__str__,A,1,181,182
piccolo/query/mixins.py,method,Returning,__str__,A,1,205,206
piccolo/query/mixins.py,method,Output,copy,A,1,217,223
piccolo/query/mixins.py,method,LimitDelegate,limit,A,1,308,309
piccolo/query/mixins.py,method,AsOfDelegate,as_of,A,1,325,326
piccolo/query/mixins.py,method,ReturningDelegate,returning,A,1,348,349
piccolo/query/mixins.py,method,CountDelegate,count,A,1,356,357
piccolo/query/mixins.py,method,OutputDelegate,copy,A,1,416,417
piccolo/query/mixins.py,method,ColumnsDelegate,columns,A,1,505,515
piccolo/query/mixins.py,method,OffsetDelegate,offset,A,1,591,592
piccolo/query/mixins.py,method,GroupBy,__str__,A,1,609,610
piccolo/query/mixins.py,method,GroupByDelegate,group_by,A,1,624,625
piccolo/query/mixins.py,method,OnConflictItem,__str__,A,1,715,716
piccolo/query/mixins.py,method,OnConflict,__str__,A,1,735,736
piccolo/query/mixins.py,method,LockRows,__str__,A,1,842,843
piccolo/query/proxy.py,method,Runnable,run,A,1,12,12
piccolo/query/proxy.py,method,Proxy,__init__,A,1,20,21
piccolo/query/proxy.py,method,Proxy,run,A,1,23,28
piccolo/query/proxy.py,method,Proxy,run_sync,A,1,30,31
piccolo/query/proxy.py,method,Proxy,__await__,A,1,33,40
piccolo/query/proxy.py,method,Proxy,freeze,A,1,42,44
piccolo/query/proxy.py,method,Proxy,__str__,A,1,68,69
piccolo/query/functions/datetime.py,function,,Year,A,1,165,176
piccolo/query/functions/datetime.py,function,,Month,A,1,180,191
piccolo/query/functions/datetime.py,function,,Day,A,1,195,206
piccolo/query/functions/datetime.py,function,,Hour,A,1,210,221
piccolo/query/functions/datetime.py,function,,Minute,A,1,225,236
piccolo/query/functions/datetime.py,function,,Second,A,1,240,251
piccolo/query/functions/datetime.py,method,Strftime,__init__,A,1,91,121
piccolo/query/functions/array.py,method,ArrayQueryString,__add__,A,1,13,18
piccolo/query/functions/array.py,method,ArrayQueryString,__radd__,A,1,20,21
piccolo/query/methods/alter.py,method,AlterStatement,ddl,A,1,22,23
piccolo/query/methods/alter.py,method,AlterStatement,__str__,A,1,25,26
piccolo/query/methods/alter.py,method,RenameTable,ddl,A,1,36,37
piccolo/query/methods/alter.py,method,RenameConstraint,ddl,A,1,48,49
piccolo/query/methods/alter.py,method,RenameColumn,ddl,A,1,75,76
piccolo/query/methods/alter.py,method,DropColumn,ddl,A,1,82,83
piccolo/query/methods/alter.py,method,AddColumn,ddl,A,1,94,96
piccolo/query/methods/alter.py,method,DropDefault,ddl,A,1,102,103
piccolo/query/methods/alter.py,method,SetDefault,ddl,A,1,142,144
piccolo/query/methods/alter.py,method,SetLength,ddl,A,1,189,190
piccolo/query/methods/alter.py,method,DropConstraint,ddl,A,1,200,201
piccolo/query/methods/alter.py,method,SetSchema,ddl,A,1,263,264
piccolo/query/methods/alter.py,method,Alter,__init__,A,1,313,315
piccolo/query/methods/alter.py,method,Alter,drop_column,A,1,334,342
piccolo/query/methods/alter.py,method,Alter,drop_default,A,1,344,352
piccolo/query/methods/alter.py,method,Alter,drop_table,A,1,354,368
piccolo/query/methods/alter.py,method,Alter,rename_table,A,1,370,379
piccolo/query/methods/alter.py,method,Alter,rename_constraint,A,1,381,397
piccolo/query/methods/alter.py,method,Alter,rename_column,A,1,399,413
piccolo/query/methods/alter.py,method,Alter,set_column_type,A,1,415,440
piccolo/query/methods/alter.py,method,Alter,set_default,A,1,442,450
piccolo/query/methods/alter.py,method,Alter,set_null,A,1,452,466
piccolo/query/methods/alter.py,method,Alter,set_unique,A,1,468,482
piccolo/query/methods/alter.py,method,Alter,_get_constraint_name,A,1,512,515
piccolo/query/methods/alter.py,method,Alter,drop_constraint,A,1,517,521
piccolo/query/methods/alter.py,method,Alter,drop_foreign_key_constraint,A,1,523,530
piccolo/query/methods/alter.py,method,Alter,set_schema,A,1,605,614
piccolo/query/methods/select.py,method,SelectRaw,__init__,A,1,62,75
piccolo/query/methods/select.py,method,SelectRaw,get_select_string,A,1,77,80
piccolo/query/methods/select.py,method,First,__init__,A,1,91,92
piccolo/query/methods/select.py,method,SelectJSON,run,A,1,143,149
piccolo/query/methods/select.py,method,Select,columns_delegate,A,1,218,219
piccolo/query/methods/select.py,method,Select,columns_delegate,A,1,222,223
piccolo/query/methods/select.py,method,Select,as_of_delegate,A,1,226,227
piccolo/query/methods/select.py,method,Select,as_of_delegate,A,1,230,231
piccolo/query/methods/select.py,method,Select,lock_rows_delegate,A,1,234,235
piccolo/query/methods/select.py,method,Select,lock_rows_delegate,A,1,238,239
piccolo/query/methods/select.py,method,Select,where_delegate,A,1,242,243
piccolo/query/methods/select.py,method,Select,where_delegate,A,1,246,247
piccolo/query/methods/select.py,method,Select,having_delegate,A,1,250,251
piccolo/query/methods/select.py,method,Select,having_delegate,A,1,254,255
piccolo/query/methods/select.py,method,Select,order_by_delegate,A,1,258,259
piccolo/query/methods/select.py,method,Select,order_by_delegate,A,1,262,263
piccolo/query/methods/select.py,method,Select,group_by_delegate,A,1,266,267
piccolo/query/methods/select.py,method,Select,group_by_delegate,A,1,270,271
piccolo/query/methods/select.py,method,Select,distinct_delegate,A,1,274,275
piccolo/query/methods/select.py,method,Select,distinct_delegate,A,1,278,279
piccolo/query/methods/select.py,method,Select,limit_delegate,A,1,282,283
piccolo/query/methods/select.py,method,Select,limit_delegate,A,1,286,287
piccolo/query/methods/select.py,method,Select,offset_delegate,A,1,290,291
piccolo/query/methods/select.py,method,Select,offset_delegate,A,1,294,295
piccolo/query/methods/select.py,method,Select,output_delegate,A,1,298,299
piccolo/query/methods/select.py,method,Select,output_delegate,A,1,302,303
piccolo/query/methods/select.py,method,Select,callback_delegate,A,1,306,307
piccolo/query/methods/select.py,method,Select,callback_delegate,A,1,310,311
piccolo/query/methods/select.py,method,Select,columns,A,1,315,318
piccolo/query/methods/select.py,method,Select,limit,A,1,343,345
piccolo/query/methods/select.py,method,Select,first,A,1,347,349
piccolo/query/methods/select.py,method,Select,offset,A,1,351,353
piccolo/query/methods/select.py,method,Select,lock_rows,A,1,355,373
piccolo/query/methods/select.py,method,Select,output,A,1,549,550
piccolo/query/methods/select.py,method,Select,output,A,1,553,554
piccolo/query/methods/select.py,method,Select,output,A,1,557,557
piccolo/query/methods/select.py,method,Select,output,A,1,560,561
piccolo/query/methods/select.py,method,Select,output,A,1,564,564
piccolo/query/methods/select.py,method,Select,output,A,1,567,567
piccolo/query/methods/select.py,method,Select,callback,A,1,590,597
piccolo/query/methods/select.py,method,Select,where,A,1,599,601
piccolo/query/methods/select.py,method,Select,having,A,1,603,605
piccolo/query/methods/indexes.py,method,Indexes,postgres_querystrings,A,1,15,20
piccolo/query/methods/indexes.py,method,Indexes,cockroach_querystrings,A,1,25,26
piccolo/query/methods/indexes.py,method,Indexes,sqlite_querystrings,A,1,29,31
piccolo/query/methods/refresh.py,method,Refresh,__await__,A,1,198,203
piccolo/query/methods/refresh.py,method,Refresh,run_sync,A,1,205,212
piccolo/query/methods/raw.py,method,Raw,__init__,A,1,17,24
piccolo/query/methods/raw.py,method,Raw,default_querystrings,A,1,39,40
piccolo/query/methods/exists.py,method,Exists,__init__,A,1,16,18
piccolo/query/methods/exists.py,method,Exists,where,A,1,20,22
piccolo/query/methods/exists.py,method,Exists,response_handler,A,1,24,26
piccolo/query/methods/exists.py,method,Exists,default_querystrings,A,1,29,34
piccolo/query/methods/create.py,method,Create,__init__,A,1,20,44
piccolo/query/methods/table_exists.py,method,TableExists,response_handler,A,1,14,15
piccolo/query/methods/table_exists.py,method,TableExists,sqlite_querystrings,A,1,18,23
piccolo/query/methods/table_exists.py,method,TableExists,cockroach_querystrings,A,1,44,45
piccolo/query/methods/count.py,method,Count,__init__,A,1,21,31
piccolo/query/methods/count.py,method,Count,where,A,1,36,38
piccolo/query/methods/count.py,method,Count,distinct,A,1,40,42
piccolo/query/methods/count.py,method,Count,response_handler,A,1,46,47
piccolo/query/methods/count.py,method,Count,default_querystrings,A,1,50,59
piccolo/query/methods/create_index.py,method,CreateIndex,__init__,A,1,15,26
piccolo/query/methods/create_index.py,method,CreateIndex,cockroach_ddl,A,1,57,58
piccolo/query/methods/objects.py,method,GetOrCreate,__init__,A,1,52,62
piccolo/query/methods/objects.py,method,Create,__init__,A,1,160,166
piccolo/query/methods/objects.py,method,Create,run,A,1,168,175
piccolo/query/methods/objects.py,method,Create,__await__,A,1,177,182
piccolo/query/methods/objects.py,method,Create,run_sync,A,1,184,185
piccolo/query/methods/objects.py,method,UpdateSelf,__init__,A,1,190,196
piccolo/query/methods/objects.py,method,UpdateSelf,__await__,A,1,232,237
piccolo/query/methods/objects.py,method,UpdateSelf,run_sync,A,1,239,240
piccolo/query/methods/objects.py,method,GetRelated,__init__,A,1,245,247
piccolo/query/methods/objects.py,method,GetRelated,__await__,A,1,287,294
piccolo/query/methods/objects.py,method,GetRelated,run_sync,A,1,296,297
piccolo/query/methods/objects.py,method,Objects,__init__,A,1,351,364
piccolo/query/methods/objects.py,method,Objects,as_of_delegate,A,1,370,371
piccolo/query/methods/objects.py,method,Objects,as_of_delegate,A,1,374,375
piccolo/query/methods/objects.py,method,Objects,limit_delegate,A,1,378,379
piccolo/query/methods/objects.py,method,Objects,limit_delegate,A,1,382,383
piccolo/query/methods/objects.py,method,Objects,offset_delegate,A,1,386,387
piccolo/query/methods/objects.py,method,Objects,offset_delegate,A,1,390,391
piccolo/query/methods/objects.py,method,Objects,order_by_delegate,A,1,394,395
piccolo/query/methods/objects.py,method,Objects,order_by_delegate,A,1,398,399
piccolo/query/methods/objects.py,method,Objects,output_delegate,A,1,402,403
piccolo/query/methods/objects.py,method,Objects,output_delegate,A,1,406,407
piccolo/query/methods/objects.py,method,Objects,callback_delegate,A,1,410,411
piccolo/query/methods/objects.py,method,Objects,callback_delegate,A,1,414,415
piccolo/query/methods/objects.py,method,Objects,prefetch_delegate,A,1,418,419
piccolo/query/methods/objects.py,method,Objects,prefetch_delegate,A,1,422,423
piccolo/query/methods/objects.py,method,Objects,where_delegate,A,1,426,427
piccolo/query/methods/objects.py,method,Objects,where_delegate,A,1,430,431
piccolo/query/methods/objects.py,method,Objects,lock_rows_delegate,A,1,434,435
piccolo/query/methods/objects.py,method,Objects,lock_rows_delegate,A,1,438,439
piccolo/query/methods/objects.py,method,Objects,output,A,1,443,447
piccolo/query/methods/objects.py,method,Objects,callback,A,1,449,456
piccolo/query/methods/objects.py,method,Objects,limit,A,1,464,466
piccolo/query/methods/objects.py,method,Objects,prefetch,A,1,468,472
piccolo/query/methods/objects.py,method,Objects,offset,A,1,474,476
piccolo/query/methods/objects.py,method,Objects,where,A,1,491,493
piccolo/query/methods/objects.py,method,Objects,first,A,1,497,499
piccolo/query/methods/objects.py,method,Objects,lock_rows,A,1,501,519
piccolo/query/methods/objects.py,method,Objects,get,A,1,521,524
piccolo/query/methods/objects.py,method,Objects,create,A,1,537,538
piccolo/query/methods/objects.py,method,Objects,__await__,A,1,614,617
piccolo/query/methods/update.py,method,Update,__init__,A,1,31,38
piccolo/query/methods/update.py,method,Update,where,A,1,54,56
piccolo/query/methods/update.py,method,Update,returning,A,1,58,60
piccolo/query/methods/delete.py,method,Delete,__init__,A,1,28,32
piccolo/query/methods/delete.py,method,Delete,where,A,1,34,36
piccolo/query/methods/delete.py,method,Delete,returning,A,1,38,40
piccolo/query/methods/insert.py,method,Insert,__init__,A,1,34,41
piccolo/query/methods/insert.py,method,Insert,add,A,1,46,48
piccolo/query/methods/insert.py,method,Insert,returning,A,1,50,52
piccolo/query/methods/drop_index.py,method,DropIndex,__init__,A,1,15,24
piccolo/query/operators/json.py,method,JSONQueryString,__eq__,A,1,19,21
piccolo/query/operators/json.py,method,JSONQueryString,__ne__,A,1,23,25
piccolo/query/operators/json.py,method,JSONQueryString,eq,A,1,27,28
piccolo/query/operators/json.py,method,JSONQueryString,ne,A,1,30,31
piccolo/query/operators/json.py,method,GetChildElement,arrow,A,1,56,77
piccolo/query/operators/json.py,method,GetChildElement,__getitem__,A,1,79,82
piccolo/columns/m2m.py,method,M2MMeta,primary_table,A,1,232,233
piccolo/columns/m2m.py,method,M2MMeta,secondary_table,A,1,247,248
piccolo/columns/m2m.py,method,M2MAddRelated,run,A,1,300,307
piccolo/columns/m2m.py,method,M2MAddRelated,run_sync,A,1,309,310
piccolo/columns/m2m.py,method,M2MAddRelated,__await__,A,1,312,313
piccolo/columns/m2m.py,method,M2MRemoveRelated,run_sync,A,1,348,349
piccolo/columns/m2m.py,method,M2MRemoveRelated,__await__,A,1,351,352
piccolo/columns/m2m.py,method,M2MGetRelated,run,A,1,360,377
piccolo/columns/m2m.py,method,M2MGetRelated,run_sync,A,1,379,380
piccolo/columns/m2m.py,method,M2MGetRelated,__await__,A,1,382,383
piccolo/columns/readable.py,method,Readable,_get_string,A,1,31,34
piccolo/columns/readable.py,method,Readable,sqlite_string,A,1,38,39
piccolo/columns/readable.py,method,Readable,postgres_string,A,1,42,43
piccolo/columns/readable.py,method,Readable,cockroach_string,A,1,46,47
piccolo/columns/indexes.py,method,IndexMethod,__str__,A,1,15,16
piccolo/columns/indexes.py,method,IndexMethod,__repr__,A,1,18,19
piccolo/columns/base.py,method,OnDelete,__str__,A,1,66,67
piccolo/columns/base.py,method,OnDelete,__repr__,A,1,69,70
piccolo/columns/base.py,method,OnUpdate,__str__,A,1,85,86
piccolo/columns/base.py,method,OnUpdate,__repr__,A,1,88,89
piccolo/columns/base.py,method,ForeignKeyMeta,copy,A,1,139,142
piccolo/columns/base.py,method,ForeignKeyMeta,__copy__,A,1,144,145
piccolo/columns/base.py,method,ForeignKeyMeta,__deepcopy__,A,1,147,152
piccolo/columns/base.py,method,ColumnMeta,db_column_name,A,1,196,197
piccolo/columns/base.py,method,ColumnMeta,name,A,1,214,215
piccolo/columns/base.py,method,ColumnMeta,table,A,1,226,227
piccolo/columns/base.py,method,ColumnMeta,null,A,1,239,240
piccolo/columns/base.py,method,ColumnMeta,null,A,1,243,244
piccolo/columns/base.py,method,ColumnMeta,primary_key,A,1,247,248
piccolo/columns/base.py,method,ColumnMeta,primary_key,A,1,251,252
piccolo/columns/base.py,method,ColumnMeta,unique,A,1,255,256
piccolo/columns/base.py,method,ColumnMeta,unique,A,1,259,260
piccolo/columns/base.py,method,ColumnMeta,index,A,1,263,264
piccolo/columns/base.py,method,ColumnMeta,index,A,1,267,268
piccolo/columns/base.py,method,ColumnMeta,index_method,A,1,271,272
piccolo/columns/base.py,method,ColumnMeta,index_method,A,1,275,276
piccolo/columns/base.py,method,ColumnMeta,required,A,1,279,280
piccolo/columns/base.py,method,ColumnMeta,required,A,1,283,284
piccolo/columns/base.py,method,ColumnMeta,help_text,A,1,287,288
piccolo/columns/base.py,method,ColumnMeta,help_text,A,1,291,292
piccolo/columns/base.py,method,ColumnMeta,choices,A,1,295,296
piccolo/columns/base.py,method,ColumnMeta,choices,A,1,299,300
piccolo/columns/base.py,method,ColumnMeta,secret,A,1,303,304
piccolo/columns/base.py,method,ColumnMeta,secret,A,1,307,308
piccolo/columns/base.py,method,ColumnMeta,auto_update,A,1,311,312
piccolo/columns/base.py,method,ColumnMeta,auto_update,A,1,315,316
piccolo/columns/base.py,method,ColumnMeta,__copy__,A,1,447,448
piccolo/columns/base.py,method,ColumnMeta,__deepcopy__,A,1,450,455
piccolo/columns/base.py,method,Column,like,A,1,741,755
piccolo/columns/base.py,method,Column,not_like,A,1,773,774
piccolo/columns/base.py,method,Column,__or__,A,1,776,779
piccolo/columns/base.py,method,Column,__lt__,A,1,781,782
piccolo/columns/base.py,method,Column,__le__,A,1,784,785
piccolo/columns/base.py,method,Column,__gt__,A,1,787,788
piccolo/columns/base.py,method,Column,__ge__,A,1,790,791
piccolo/columns/base.py,method,Column,__hash__,A,1,863,864
piccolo/columns/base.py,method,Column,is_null,A,1,866,871
piccolo/columns/base.py,method,Column,is_not_null,A,1,873,878
piccolo/columns/base.py,method,Column,as_alias,A,1,880,894
piccolo/columns/base.py,method,Column,join_on,A,1,896,939
piccolo/columns/base.py,method,Column,get_where_string,A,1,980,982
piccolo/columns/base.py,method,Column,column_type,A,1,1080,1081
piccolo/columns/base.py,method,Column,copy,A,1,1133,1136
piccolo/columns/base.py,method,Column,__deepcopy__,A,1,1138,1143
piccolo/columns/base.py,method,Column,__str__,A,1,1145,1146
piccolo/columns/combination.py,method,CombinableMixin,__and__,A,1,22,23
piccolo/columns/combination.py,method,CombinableMixin,__or__,A,1,25,26
piccolo/columns/combination.py,method,Combination,__init__,A,1,35,37
piccolo/columns/combination.py,method,Combination,querystring,A,1,40,44
piccolo/columns/combination.py,method,Combination,querystring_for_update_and_delete,A,1,48,52
piccolo/columns/combination.py,method,Combination,__str__,A,1,55,56
piccolo/columns/combination.py,method,WhereRaw,__init__,A,1,112,131
piccolo/columns/combination.py,method,WhereRaw,querystring_for_update_and_delete,A,1,134,135
piccolo/columns/combination.py,method,WhereRaw,__str__,A,1,137,138
piccolo/columns/combination.py,method,Where,clean_value,A,1,166,189
piccolo/columns/combination.py,method,Where,__str__,A,1,255,256
piccolo/columns/column_types.py,method,Varchar,__init__,A,1,330,340
piccolo/columns/column_types.py,method,Varchar,__add__,A,1,349,352
piccolo/columns/column_types.py,method,Varchar,__radd__,A,1,355,359
piccolo/columns/column_types.py,method,Varchar,__get__,A,1,366,366
piccolo/columns/column_types.py,method,Varchar,__get__,A,1,369,369
piccolo/columns/column_types.py,method,Varchar,__set__,A,1,374,375
piccolo/columns/column_types.py,method,Secret,__init__,A,1,437,439
piccolo/columns/column_types.py,method,Secret,__get__,A,1,445,445
piccolo/columns/column_types.py,method,Secret,__get__,A,1,448,448
piccolo/columns/column_types.py,method,Secret,__set__,A,1,453,454
piccolo/columns/column_types.py,method,Text,__init__,A,1,481,488
piccolo/columns/column_types.py,method,Text,__add__,A,1,493,496
piccolo/columns/column_types.py,method,Text,__radd__,A,1,499,503
piccolo/columns/column_types.py,method,Text,__get__,A,1,510,510
piccolo/columns/column_types.py,method,Text,__get__,A,1,513,513
piccolo/columns/column_types.py,method,Text,__set__,A,1,518,519
piccolo/columns/column_types.py,method,UUID,__get__,A,1,576,576
piccolo/columns/column_types.py,method,UUID,__get__,A,1,579,579
piccolo/columns/column_types.py,method,UUID,__set__,A,1,584,585
piccolo/columns/column_types.py,method,Integer,__init__,A,1,610,617
piccolo/columns/column_types.py,method,Integer,__add__,A,1,622,624
piccolo/columns/column_types.py,method,Integer,__radd__,A,1,627,632
piccolo/columns/column_types.py,method,Integer,__sub__,A,1,635,637
piccolo/columns/column_types.py,method,Integer,__rsub__,A,1,640,645
piccolo/columns/column_types.py,method,Integer,__mul__,A,1,648,650
piccolo/columns/column_types.py,method,Integer,__rmul__,A,1,653,658
piccolo/columns/column_types.py,method,Integer,__truediv__,A,1,661,663
piccolo/columns/column_types.py,method,Integer,__rtruediv__,A,1,666,671
piccolo/columns/column_types.py,method,Integer,__floordiv__,A,1,674,676
piccolo/columns/column_types.py,method,Integer,__rfloordiv__,A,1,679,684
piccolo/columns/column_types.py,method,Integer,__get__,A,1,691,691
piccolo/columns/column_types.py,method,Integer,__get__,A,1,694,694
piccolo/columns/column_types.py,method,Integer,__set__,A,1,699,700
piccolo/columns/column_types.py,method,BigInt,column_type,A,1,740,741
piccolo/columns/column_types.py,method,BigInt,__get__,A,1,747,747
piccolo/columns/column_types.py,method,BigInt,__get__,A,1,750,750
piccolo/columns/column_types.py,method,BigInt,__set__,A,1,755,756
piccolo/columns/column_types.py,method,SmallInt,__get__,A,1,795,795
piccolo/columns/column_types.py,method,SmallInt,__get__,A,1,798,798
piccolo/columns/column_types.py,method,SmallInt,__set__,A,1,803,804
piccolo/columns/column_types.py,method,Serial,__get__,A,1,845,845
piccolo/columns/column_types.py,method,Serial,__get__,A,1,848,848
piccolo/columns/column_types.py,method,Serial,__set__,A,1,853,854
piccolo/columns/column_types.py,method,BigSerial,__get__,A,1,877,877
piccolo/columns/column_types.py,method,BigSerial,__get__,A,1,880,880
piccolo/columns/column_types.py,method,BigSerial,__set__,A,1,885,886
piccolo/columns/column_types.py,method,PrimaryKey,__init__,A,1,890,907
piccolo/columns/column_types.py,method,PrimaryKey,__get__,A,1,913,913
piccolo/columns/column_types.py,method,PrimaryKey,__get__,A,1,916,916
piccolo/columns/column_types.py,method,PrimaryKey,__set__,A,1,921,922
piccolo/columns/column_types.py,method,Timestamp,__add__,A,1,986,991
piccolo/columns/column_types.py,method,Timestamp,__radd__,A,1,994,995
piccolo/columns/column_types.py,method,Timestamp,__sub__,A,1,997,1002
piccolo/columns/column_types.py,method,Timestamp,__get__,A,1,1009,1009
piccolo/columns/column_types.py,method,Timestamp,__get__,A,1,1012,1012
piccolo/columns/column_types.py,method,Timestamp,__set__,A,1,1017,1018
piccolo/columns/column_types.py,method,Timestamptz,__add__,A,1,1082,1087
piccolo/columns/column_types.py,method,Timestamptz,__radd__,A,1,1090,1091
piccolo/columns/column_types.py,method,Timestamptz,__sub__,A,1,1093,1098
piccolo/columns/column_types.py,method,Timestamptz,__get__,A,1,1105,1105
piccolo/columns/column_types.py,method,Timestamptz,__get__,A,1,1108,1108
piccolo/columns/column_types.py,method,Timestamptz,__set__,A,1,1113,1114
piccolo/columns/column_types.py,method,Date,__add__,A,1,1163,1168
piccolo/columns/column_types.py,method,Date,__radd__,A,1,1171,1172
piccolo/columns/column_types.py,method,Date,__sub__,A,1,1174,1179
piccolo/columns/column_types.py,method,Date,__get__,A,1,1186,1186
piccolo/columns/column_types.py,method,Date,__get__,A,1,1189,1189
piccolo/columns/column_types.py,method,Date,__set__,A,1,1194,1195
piccolo/columns/column_types.py,method,Time,__add__,A,1,1241,1246
piccolo/columns/column_types.py,method,Time,__radd__,A,1,1249,1250
piccolo/columns/column_types.py,method,Time,__sub__,A,1,1252,1257
piccolo/columns/column_types.py,method,Time,__get__,A,1,1264,1264
piccolo/columns/column_types.py,method,Time,__get__,A,1,1267,1267
piccolo/columns/column_types.py,method,Time,__set__,A,1,1272,1273
piccolo/columns/column_types.py,method,Interval,__add__,A,1,1331,1336
piccolo/columns/column_types.py,method,Interval,__radd__,A,1,1339,1340
piccolo/columns/column_types.py,method,Interval,__sub__,A,1,1342,1347
piccolo/columns/column_types.py,method,Interval,__get__,A,1,1354,1354
piccolo/columns/column_types.py,method,Interval,__get__,A,1,1357,1357
piccolo/columns/column_types.py,method,Interval,__set__,A,1,1362,1363
piccolo/columns/column_types.py,method,Boolean,__init__,A,1,1392,1399
piccolo/columns/column_types.py,method,Boolean,eq,A,1,1401,1433
piccolo/columns/column_types.py,method,Boolean,ne,A,1,1435,1439
piccolo/columns/column_types.py,method,Boolean,__get__,A,1,1445,1445
piccolo/columns/column_types.py,method,Boolean,__get__,A,1,1448,1448
piccolo/columns/column_types.py,method,Boolean,__set__,A,1,1453,1454
piccolo/columns/column_types.py,method,Numeric,__get__,A,1,1545,1545
piccolo/columns/column_types.py,method,Numeric,__get__,A,1,1548,1548
piccolo/columns/column_types.py,method,Numeric,__set__,A,1,1553,1554
piccolo/columns/column_types.py,method,Decimal,__get__,A,1,1566,1566
piccolo/columns/column_types.py,method,Decimal,__get__,A,1,1569,1569
piccolo/columns/column_types.py,method,Decimal,__set__,A,1,1574,1575
piccolo/columns/column_types.py,method,Real,__get__,A,1,1618,1618
piccolo/columns/column_types.py,method,Real,__get__,A,1,1621,1621
piccolo/columns/column_types.py,method,Real,__set__,A,1,1626,1627
piccolo/columns/column_types.py,method,Float,__get__,A,1,1639,1639
piccolo/columns/column_types.py,method,Float,__get__,A,1,1642,1642
piccolo/columns/column_types.py,method,Float,__set__,A,1,1647,1648
piccolo/columns/column_types.py,method,DoublePrecision,column_type,A,1,1657,1658
piccolo/columns/column_types.py,method,DoublePrecision,__get__,A,1,1664,1664
piccolo/columns/column_types.py,method,DoublePrecision,__get__,A,1,1667,1667
piccolo/columns/column_types.py,method,DoublePrecision,__set__,A,1,1672,1673
piccolo/columns/column_types.py,method,ForeignKey,value_type,A,1,1890,1895
piccolo/columns/column_types.py,method,ForeignKey,__init__,A,1,1898,1907
piccolo/columns/column_types.py,method,ForeignKey,__init__,A,1,1910,1919
piccolo/columns/column_types.py,method,ForeignKey,__init__,A,1,1922,1931
piccolo/columns/column_types.py,method,ForeignKey,copy,A,1,2040,2044
piccolo/columns/column_types.py,method,ForeignKey,_,A,1,2222,2253
piccolo/columns/column_types.py,method,ForeignKey,__get__,A,1,2336,2336
piccolo/columns/column_types.py,method,ForeignKey,__get__,A,1,2339,2341
piccolo/columns/column_types.py,method,ForeignKey,__get__,A,1,2344,2344
piccolo/columns/column_types.py,method,ForeignKey,__set__,A,1,2349,2350
piccolo/columns/column_types.py,method,JSON,__getitem__,A,1,2416,2432
piccolo/columns/column_types.py,method,JSON,__get__,A,1,2473,2473
piccolo/columns/column_types.py,method,JSON,__get__,A,1,2476,2476
piccolo/columns/column_types.py,method,JSON,__set__,A,1,2481,2482
piccolo/columns/column_types.py,method,JSONB,column_type,A,1,2499,2500
piccolo/columns/column_types.py,method,JSONB,__get__,A,1,2506,2506
piccolo/columns/column_types.py,method,JSONB,__get__,A,1,2509,2509
piccolo/columns/column_types.py,method,JSONB,__set__,A,1,2514,2515
piccolo/columns/column_types.py,method,Bytea,__get__,A,1,2576,2576
piccolo/columns/column_types.py,method,Bytea,__get__,A,1,2579,2579
piccolo/columns/column_types.py,method,Bytea,__set__,A,1,2584,2585
piccolo/columns/column_types.py,method,Blob,__get__,A,1,2597,2597
piccolo/columns/column_types.py,method,Blob,__get__,A,1,2600,2600
piccolo/columns/column_types.py,method,Blob,__set__,A,1,2605,2606
piccolo/columns/column_types.py,method,ListProxy,__call__,A,1,2627,2628
piccolo/columns/column_types.py,method,ListProxy,__repr__,A,1,2630,2631
piccolo/columns/column_types.py,method,Array,_get_inner_value_type,A,1,2750,2762
piccolo/columns/column_types.py,method,Array,remove,A,1,2918,2937
piccolo/columns/column_types.py,method,Array,prepend,A,1,2939,2958
piccolo/columns/column_types.py,method,Array,append,A,1,2960,2979
piccolo/columns/column_types.py,method,Array,replace,A,1,2981,3003
piccolo/columns/column_types.py,method,Array,__add__,A,1,3005,3006
piccolo/columns/column_types.py,method,Array,__radd__,A,1,3008,3011
piccolo/columns/column_types.py,method,Array,__get__,A,1,3017,3017
piccolo/columns/column_types.py,method,Array,__get__,A,1,3020,3020
piccolo/columns/column_types.py,method,Array,__set__,A,1,3025,3026
piccolo/columns/defaults/interval.py,method,IntervalCustom,__init__,A,1,12,28
piccolo/columns/defaults/interval.py,method,IntervalCustom,timedelta,A,1,31,39
piccolo/columns/defaults/interval.py,method,IntervalCustom,postgres,A,1,43,55
piccolo/columns/defaults/interval.py,method,IntervalCustom,cockroach,A,1,58,59
piccolo/columns/defaults/interval.py,method,IntervalCustom,sqlite,A,1,62,63
piccolo/columns/defaults/interval.py,method,IntervalCustom,python,A,1,65,66
piccolo/columns/defaults/interval.py,method,IntervalCustom,from_timedelta,A,1,69,73
piccolo/columns/defaults/uuid.py,method,UUID4,postgres,A,1,21,34
piccolo/columns/defaults/uuid.py,method,UUID4,cockroach,A,1,37,38
piccolo/columns/defaults/uuid.py,method,UUID4,sqlite,A,1,41,42
piccolo/columns/defaults/uuid.py,method,UUID4,python,A,1,44,45
piccolo/columns/defaults/uuid.py,method,UUID7,postgres,A,1,61,65
piccolo/columns/defaults/uuid.py,method,UUID7,cockroach,A,1,68,72
piccolo/columns/defaults/uuid.py,method,UUID7,sqlite,A,1,75,76
piccolo/columns/defaults/uuid.py,method,UUID7,python,A,1,78,79
piccolo/columns/defaults/base.py,method,Default,postgres,A,1,12,13
piccolo/columns/defaults/base.py,method,Default,sqlite,A,1,17,18
piccolo/columns/defaults/base.py,method,Default,python,A,1,21,22
piccolo/columns/defaults/base.py,method,Default,__repr__,A,1,60,61
piccolo/columns/defaults/base.py,method,Default,__str__,A,1,63,64
piccolo/columns/defaults/base.py,method,Default,__eq__,A,1,66,67
piccolo/columns/defaults/base.py,method,Default,__hash__,A,1,69,70
piccolo/columns/defaults/time.py,method,TimeOffset,__init__,A,1,12,15
piccolo/columns/defaults/time.py,method,TimeOffset,postgres,A,1,18,22
piccolo/columns/defaults/time.py,method,TimeOffset,cockroach,A,1,25,29
piccolo/columns/defaults/time.py,method,TimeOffset,sqlite,A,1,32,36
piccolo/columns/defaults/time.py,method,TimeOffset,python,A,1,38,42
piccolo/columns/defaults/time.py,method,TimeNow,postgres,A,1,49,50
piccolo/columns/defaults/time.py,method,TimeNow,cockroach,A,1,53,54
piccolo/columns/defaults/time.py,method,TimeNow,sqlite,A,1,57,58
piccolo/columns/defaults/time.py,method,TimeNow,python,A,1,60,61
piccolo/columns/defaults/time.py,method,TimeCustom,__init__,A,1,65,69
piccolo/columns/defaults/time.py,method,TimeCustom,postgres,A,1,72,73
piccolo/columns/defaults/time.py,method,TimeCustom,cockroach,A,1,76,77
piccolo/columns/defaults/time.py,method,TimeCustom,sqlite,A,1,80,81
piccolo/columns/defaults/time.py,method,TimeCustom,python,A,1,83,84
piccolo/columns/defaults/time.py,method,TimeCustom,from_time,A,1,87,89
piccolo/columns/defaults/timestamptz.py,method,TimestamptzOffset,cockroach,A,1,13,17
piccolo/columns/defaults/timestamptz.py,method,TimestamptzOffset,python,A,1,19,26
piccolo/columns/defaults/timestamptz.py,method,TimestamptzNow,cockroach,A,1,36,37
piccolo/columns/defaults/timestamptz.py,method,TimestamptzNow,python,A,1,39,40
piccolo/columns/defaults/timestamptz.py,method,TimestamptzCustom,cockroach,A,1,45,46
piccolo/columns/defaults/timestamptz.py,method,TimestamptzCustom,datetime,A,1,49,58
piccolo/columns/defaults/date.py,method,DateOffset,__init__,A,1,27,32
piccolo/columns/defaults/date.py,method,DateOffset,postgres,A,1,35,37
piccolo/columns/defaults/date.py,method,DateOffset,cockroach,A,1,40,41
piccolo/columns/defaults/date.py,method,DateOffset,sqlite,A,1,44,46
piccolo/columns/defaults/date.py,method,DateOffset,python,A,1,48,50
piccolo/columns/defaults/date.py,method,DateNow,postgres,A,1,56,57
piccolo/columns/defaults/date.py,method,DateNow,cockroach,A,1,60,61
piccolo/columns/defaults/date.py,method,DateNow,sqlite,A,1,64,65
piccolo/columns/defaults/date.py,method,DateNow,python,A,1,67,68
piccolo/columns/defaults/date.py,method,DateCustom,__init__,A,1,72,81
piccolo/columns/defaults/date.py,method,DateCustom,postgres,A,1,84,85
piccolo/columns/defaults/date.py,method,DateCustom,cockroach,A,1,88,89
piccolo/columns/defaults/date.py,method,DateCustom,sqlite,A,1,92,93
piccolo/columns/defaults/date.py,method,DateCustom,python,A,1,95,96
piccolo/columns/defaults/date.py,method,DateCustom,from_date,A,1,99,101
piccolo/columns/defaults/timestamp.py,method,TimestampOffset,__init__,A,1,12,18
piccolo/columns/defaults/timestamp.py,method,TimestampOffset,postgres,A,1,21,25
piccolo/columns/defaults/timestamp.py,method,TimestampOffset,cockroach,A,1,28,32
piccolo/columns/defaults/timestamp.py,method,TimestampOffset,sqlite,A,1,35,39
piccolo/columns/defaults/timestamp.py,method,TimestampOffset,python,A,1,41,46
piccolo/columns/defaults/timestamp.py,method,TimestampNow,postgres,A,1,57,58
piccolo/columns/defaults/timestamp.py,method,TimestampNow,cockroach,A,1,61,62
piccolo/columns/defaults/timestamp.py,method,TimestampNow,sqlite,A,1,65,66
piccolo/columns/defaults/timestamp.py,method,TimestampNow,python,A,1,68,69
piccolo/columns/defaults/timestamp.py,method,TimestampCustom,__init__,A,1,73,89
piccolo/columns/defaults/timestamp.py,method,TimestampCustom,datetime,A,1,92,100
piccolo/columns/defaults/timestamp.py,method,TimestampCustom,postgres,A,1,104,105
piccolo/columns/defaults/timestamp.py,method,TimestampCustom,cockroach,A,1,108,110
piccolo/columns/defaults/timestamp.py,method,TimestampCustom,sqlite,A,1,114,115
piccolo/columns/defaults/timestamp.py,method,TimestampCustom,python,A,1,117,118
piccolo/columns/defaults/timestamp.py,method,TimestampCustom,from_datetime,A,1,121,129
piccolo/utils/naming.py,function,,_camel_to_snake,A,1,4,8
piccolo/utils/naming.py,function,,_snake_to_camel,A,1,11,15
piccolo/utils/uuid.py,function,,uuid7,A,1,1,4
piccolo/utils/printing.py,function,,print_heading,A,1,15,21
piccolo/utils/lazy_loader.py,method,LazyLoader,__init__,A,1,16,20
piccolo/utils/lazy_loader.py,method,LazyLoader,__getattr__,A,1,51,53
piccolo/utils/lazy_loader.py,method,LazyLoader,__dir__,A,1,55,57
piccolo/utils/warnings.py,function,,colored_string,A,1,17,18
piccolo/utils/warnings.py,function,,colored_warning,A,1,21,43
piccolo/conf/apps.py,function,,get_package,A,1,39,45
piccolo/conf/apps.py,method,MigrationModule,forwards,A,1,32,32
piccolo/conf/apps.py,method,AppConfig,__post_init__,A,1,198,200
piccolo/conf/apps.py,method,AppConfig,register_table,A,1,203,205
piccolo/conf/apps.py,method,AppRegistry,get_app_config,A,1,300,301
piccolo/conf/apps.py,method,Finder,__init__,A,1,349,356
piccolo/conf/apps.py,method,Finder,get_app_registry,A,1,453,458
piccolo/conf/apps.py,method,Finder,get_app_modules,A,1,480,491
piccolo/conf/apps.py,method,Finder,get_sorted_app_names,A,1,511,515
piccolo/conf/apps.py,method,Finder,get_table_with_name,A,1,560,569
piccolo/conf/apps.py,method,PiccoloConfUpdater,register_app,A,1,661,683
piccolo/engine/finder.py,function,,engine_finder,A,1,8,19
piccolo/engine/base.py,method,BaseBatch,__aenter__,A,1,46,46
piccolo/engine/base.py,method,BaseBatch,__aexit__,A,1,49,49
piccolo/engine/base.py,method,BaseBatch,__aiter__,A,1,52,52
piccolo/engine/base.py,method,BaseBatch,__anext__,A,1,55,55
piccolo/engine/base.py,method,BaseTransaction,__aenter__,A,1,63,63
piccolo/engine/base.py,method,BaseTransaction,__aexit__,A,1,66,66
piccolo/engine/base.py,method,BaseAtomic,add,A,1,74,74
piccolo/engine/base.py,method,BaseAtomic,run,A,1,77,77
piccolo/engine/base.py,method,BaseAtomic,run_sync,A,1,80,80
piccolo/engine/base.py,method,BaseAtomic,__await__,A,1,83,83
piccolo/engine/base.py,method,Engine,__init__,A,1,99,113
piccolo/engine/base.py,method,Engine,get_version,A,1,116,117
piccolo/engine/base.py,method,Engine,get_version_sync,A,1,120,121
piccolo/engine/base.py,method,Engine,prep_database,A,1,124,125
piccolo/engine/base.py,method,Engine,batch,A,1,128,134
piccolo/engine/base.py,method,Engine,run_querystring,A,1,137,140
piccolo/engine/base.py,method,Engine,transform_response_to_dicts,A,1,142,147
piccolo/engine/base.py,method,Engine,run_ddl,A,1,150,151
piccolo/engine/base.py,method,Engine,transaction,A,1,154,155
piccolo/engine/base.py,method,Engine,atomic,A,1,158,159
piccolo/engine/base.py,method,Engine,_connection_pool_warning,A,1,185,190
piccolo/engine/base.py,method,Engine,start_connection_pool,A,1,192,196
piccolo/engine/base.py,method,Engine,close_connection_pool,A,1,198,202
piccolo/engine/base.py,method,Engine,transaction_exists,A,1,208,219
piccolo/engine/base.py,method,Engine,get_query_id,A,1,224,226
piccolo/engine/base.py,method,Engine,print_query,A,1,228,230
piccolo/engine/base.py,method,Engine,print_response,A,1,232,236
piccolo/engine/postgres.py,method,AsyncBatch,next,A,1,57,59
piccolo/engine/postgres.py,method,AsyncBatch,__aiter__,A,1,61,62
piccolo/engine/postgres.py,method,AsyncBatch,__aenter__,A,1,70,77
piccolo/engine/postgres.py,method,Atomic,__init__,A,1,111,113
piccolo/engine/postgres.py,method,Atomic,add,A,1,115,116
piccolo/engine/postgres.py,method,Atomic,setup_transaction,A,1,118,119
piccolo/engine/postgres.py,method,Atomic,run_sync,A,1,137,138
piccolo/engine/postgres.py,method,Atomic,__await__,A,1,140,141
piccolo/engine/postgres.py,method,Savepoint,__init__,A,1,148,150
piccolo/engine/postgres.py,method,Savepoint,rollback_to,A,1,152,155
piccolo/engine/postgres.py,method,Savepoint,release,A,1,158,161
piccolo/engine/postgres.py,method,PostgresTransaction,begin,A,1,235,236
piccolo/engine/postgres.py,method,PostgresTransaction,commit,A,1,238,240
piccolo/engine/postgres.py,method,PostgresTransaction,rollback,A,1,242,244
piccolo/engine/postgres.py,method,PostgresTransaction,rollback_to,A,1,246,250
piccolo/engine/postgres.py,method,PostgresTransaction,get_savepoint_id,A,1,254,256
piccolo/engine/postgres.py,method,PostgresEngine,_parse_raw_version_string,A,1,387,397
piccolo/engine/postgres.py,method,PostgresEngine,get_version_sync,A,1,418,419
piccolo/engine/postgres.py,method,PostgresEngine,start_connnection_pool,A,1,441,447
piccolo/engine/postgres.py,method,PostgresEngine,close_connnection_pool,A,1,449,455
piccolo/engine/postgres.py,method,PostgresEngine,get_new_connection,A,1,479,483
piccolo/engine/postgres.py,method,PostgresEngine,atomic,A,1,594,595
piccolo/engine/postgres.py,method,PostgresEngine,transaction,A,1,597,598
piccolo/engine/sqlite.py,function,,convert_numeric_in,A,1,49,53
piccolo/engine/sqlite.py,function,,convert_uuid_in,A,1,56,60
piccolo/engine/sqlite.py,function,,convert_time_in,A,1,63,67
piccolo/engine/sqlite.py,function,,convert_date_in,A,1,70,74
piccolo/engine/sqlite.py,function,,convert_timedelta_in,A,1,88,92
piccolo/engine/sqlite.py,function,,convert_array_in,A,1,95,124
piccolo/engine/sqlite.py,function,,decode_to_string,A,1,149,165
piccolo/engine/sqlite.py,function,,convert_numeric_out,A,1,169,173
piccolo/engine/sqlite.py,function,,convert_int_out,A,1,177,193
piccolo/engine/sqlite.py,function,,convert_uuid_out,A,1,197,201
piccolo/engine/sqlite.py,function,,convert_date_out,A,1,205,206
piccolo/engine/sqlite.py,function,,convert_time_out,A,1,210,214
piccolo/engine/sqlite.py,function,,convert_seconds_out,A,1,218,222
piccolo/engine/sqlite.py,function,,convert_boolean_out,A,1,226,230
piccolo/engine/sqlite.py,function,,convert_timestamp_out,A,1,234,238
piccolo/engine/sqlite.py,function,,convert_timestamptz_out,A,1,242,248
piccolo/engine/sqlite.py,function,,convert_array_out,A,1,253,258
piccolo/engine/sqlite.py,function,,convert_M2M_out,A,1,290,291
piccolo/engine/sqlite.py,method,AsyncBatch,next,A,1,349,351
piccolo/engine/sqlite.py,method,AsyncBatch,__aiter__,A,1,353,354
piccolo/engine/sqlite.py,method,AsyncBatch,__aenter__,A,1,362,367
piccolo/engine/sqlite.py,method,AsyncBatch,__aexit__,A,1,369,372
piccolo/engine/sqlite.py,method,Atomic,__init__,A,1,403,410
piccolo/engine/sqlite.py,method,Atomic,add,A,1,412,413
piccolo/engine/sqlite.py,method,Atomic,run_sync,A,1,432,433
piccolo/engine/sqlite.py,method,Atomic,__await__,A,1,435,436
piccolo/engine/sqlite.py,method,Savepoint,__init__,A,1,443,445
piccolo/engine/sqlite.py,method,Savepoint,rollback_to,A,1,447,450
piccolo/engine/sqlite.py,method,Savepoint,release,A,1,453,456
piccolo/engine/sqlite.py,method,SQLiteTransaction,get_connection,A,1,524,525
piccolo/engine/sqlite.py,method,SQLiteTransaction,begin,A,1,527,528
piccolo/engine/sqlite.py,method,SQLiteTransaction,commit,A,1,530,532
piccolo/engine/sqlite.py,method,SQLiteTransaction,rollback,A,1,534,536
piccolo/engine/sqlite.py,method,SQLiteTransaction,rollback_to,A,1,538,542
piccolo/engine/sqlite.py,method,SQLiteTransaction,get_savepoint_id,A,1,546,548
piccolo/engine/sqlite.py,method,SQLiteEngine,__init__,A,1,585,631
piccolo/engine/sqlite.py,method,SQLiteEngine,path,A,1,635,636
piccolo/engine/sqlite.py,method,SQLiteEngine,path,A,1,639,640
piccolo/engine/sqlite.py,method,SQLiteEngine,get_version,A,1,642,643
piccolo/engine/sqlite.py,method,SQLiteEngine,get_version_sync,A,1,645,647
piccolo/engine/sqlite.py,method,SQLiteEngine,prep_database,A,1,649,650
piccolo/engine/sqlite.py,method,SQLiteEngine,batch,A,1,673,687
piccolo/engine/sqlite.py,method,SQLiteEngine,get_connection,A,1,692,696
piccolo/engine/sqlite.py,method,SQLiteEngine,_get_inserted_pk,A,1,700,711
piccolo/engine/sqlite.py,method,SQLiteEngine,atomic,A,1,832,835
piccolo/engine/sqlite.py,method,SQLiteEngine,transaction,A,1,837,848
piccolo/engine/cockroach.py,method,CockroachAtomic,__init__,A,1,13,38
piccolo/engine/cockroach.py,method,CockroachEngine,__init__,A,1,63,79
piccolo/engine/cockroach.py,method,CockroachEngine,atomic,A,1,81,87
piccolo/engine/cockroach.py,method,CockroachEngine,transaction,A,1,90,96
piccolo/apps/tester/commands/run.py,function,,run,A,1,61,84
piccolo/apps/tester/commands/run.py,method,set_env_var,__init__,A,1,11,23
piccolo/apps/tester/commands/run.py,method,set_env_var,set_var,A,1,25,26
piccolo/apps/tester/commands/run.py,method,set_env_var,get_var,A,1,28,29
piccolo/apps/tester/commands/run.py,method,set_env_var,__enter__,A,1,31,33
piccolo/apps/playground/commands/run.py,method,Manager,get_readable,A,1,45,48
piccolo/apps/playground/commands/run.py,method,Band,get_readable,A,1,60,63
piccolo/apps/playground/commands/run.py,method,Venue,get_readable,A,1,81,84
piccolo/apps/playground/commands/run.py,method,Concert,get_readable,A,1,97,103
piccolo/apps/playground/commands/run.py,method,Ticket,get_readable,A,1,120,125
piccolo/apps/playground/commands/run.py,method,DiscountCode,get_readable,A,1,136,139
piccolo/apps/playground/commands/run.py,method,RecordingStudio,get_readable,A,1,151,154
piccolo/apps/playground/commands/run.py,method,Album,get_readable,A,1,167,170
piccolo/apps/playground/commands/run.py,method,Genre,get_readable,A,1,180,183
piccolo/apps/asgi/commands/new.py,function,,print_instruction,A,1,26,27
piccolo/apps/schema/commands/graph.py,function,,render_template,A,1,42,44
piccolo/apps/schema/commands/generate.py,function,,_handle_boolean,A,1,425,426
piccolo/apps/schema/commands/generate.py,function,,_handle_json,A,1,456,457
piccolo/apps/schema/commands/generate.py,function,,_handle_uuid,A,1,460,461
piccolo/apps/schema/commands/generate.py,function,,_handle_bytea,A,1,474,475
piccolo/apps/schema/commands/generate.py,method,OutputSchema,__add__,A,1,322,328
piccolo/apps/migrations/commands/new.py,function,,render_template,A,1,41,43
piccolo/apps/migrations/commands/new.py,function,,now,A,1,66,70
piccolo/apps/migrations/commands/new.py,method,AutoMigrationManager,__init__,A,1,173,175
piccolo/apps/migrations/commands/base.py,method,BaseMigrationManager,get_migration_ids,A,1,64,70
piccolo/apps/migrations/commands/base.py,method,BaseMigrationManager,get_table_from_snapshot,A,1,117,137
piccolo/apps/migrations/commands/backwards.py,method,BackwardsMigrationManager,__init__,A,1,17,30
piccolo/apps/migrations/commands/backwards.py,method,BackwardsMigrationManager,run,A,1,111,114
piccolo/apps/migrations/commands/clean.py,function,,clean,A,1,76,87
piccolo/apps/migrations/commands/clean.py,method,CleanMigrationManager,__init__,A,1,10,13
piccolo/apps/migrations/commands/forwards.py,method,ForwardsMigrationManager,__init__,A,1,16,27
piccolo/apps/migrations/commands/forwards.py,method,ForwardsMigrationManager,run,A,1,107,112
piccolo/apps/migrations/commands/check.py,function,,check,A,1,115,123
piccolo/apps/migrations/commands/check.py,method,CheckMigrationManager,__init__,A,1,17,19
piccolo/apps/migrations/auto/schema_differ.py,method,RenameTableCollection,append,A,1,32,33
piccolo/apps/migrations/auto/schema_differ.py,method,ChangeTableSchemaCollection,append,A,1,66,67
piccolo/apps/migrations/auto/schema_differ.py,method,RenameColumnCollection,append,A,1,74,75
piccolo/apps/migrations/auto/schema_differ.py,method,AlterStatements,extend,A,1,101,105
piccolo/apps/migrations/auto/diffable_table.py,method,TableDelta,__eq__,A,1,68,72
piccolo/apps/migrations/auto/diffable_table.py,method,ColumnComparison,__hash__,A,1,85,86
piccolo/apps/migrations/auto/diffable_table.py,method,DiffableTable,__hash__,A,1,211,215
piccolo/apps/migrations/auto/diffable_table.py,method,DiffableTable,__str__,A,1,227,228
piccolo/apps/migrations/auto/schema_snapshot.py,method,SchemaSnapshot,_apply_add_columns,A,1,88,94
piccolo/apps/migrations/auto/serialisation.py,method,CanConflictWithGlobalNames,warn_if_is_conflicting_with_global_name,A,1,29,29
piccolo/apps/migrations/auto/serialisation.py,method,UniqueGlobalNamesMeta,__new__,A,1,43,57
piccolo/apps/migrations/auto/serialisation.py,method,UniqueGlobalNames,is_conflicting_name,A,1,169,172
piccolo/apps/migrations/auto/serialisation.py,method,Import,__lt__,A,1,224,225
piccolo/apps/migrations/auto/serialisation.py,method,Definition,__repr__,A,1,240,240
piccolo/apps/migrations/auto/serialisation.py,method,Definition,__lt__,A,1,245,246
piccolo/apps/migrations/auto/serialisation.py,method,Definition,__le__,A,1,248,249
piccolo/apps/migrations/auto/serialisation.py,method,Definition,__gt__,A,1,251,252
piccolo/apps/migrations/auto/serialisation.py,method,Definition,__ge__,A,1,254,255
piccolo/apps/migrations/auto/serialisation.py,method,SerialisedBuiltin,__hash__,A,1,279,280
piccolo/apps/migrations/auto/serialisation.py,method,SerialisedBuiltin,__eq__,A,1,282,283
piccolo/apps/migrations/auto/serialisation.py,method,SerialisedBuiltin,__repr__,A,1,285,286
piccolo/apps/migrations/auto/serialisation.py,method,SerialisedClassInstance,__hash__,A,1,293,294
piccolo/apps/migrations/auto/serialisation.py,method,SerialisedClassInstance,__eq__,A,1,296,297
piccolo/apps/migrations/auto/serialisation.py,method,SerialisedClassInstance,__repr__,A,1,299,300
piccolo/apps/migrations/auto/serialisation.py,method,SerialisedColumnInstance,__hash__,A,1,308,309
piccolo/apps/migrations/auto/serialisation.py,method,SerialisedColumnInstance,__eq__,A,1,311,312
piccolo/apps/migrations/auto/serialisation.py,method,SerialisedEnumInstance,__hash__,A,1,327,328
piccolo/apps/migrations/auto/serialisation.py,method,SerialisedEnumInstance,__eq__,A,1,330,331
piccolo/apps/migrations/auto/serialisation.py,method,SerialisedEnumInstance,__repr__,A,1,333,334
piccolo/apps/migrations/auto/serialisation.py,method,SerialisedReference,__hash__,A,1,341,342
piccolo/apps/migrations/auto/serialisation.py,method,SerialisedReference,__eq__,A,1,344,345
piccolo/apps/migrations/auto/serialisation.py,method,SerialisedReference,__repr__,A,1,347,348
piccolo/apps/migrations/auto/serialisation.py,method,SerialisedTableType,__hash__,A,1,355,357
piccolo/apps/migrations/auto/serialisation.py,method,SerialisedTableType,__eq__,A,1,360,361
piccolo/apps/migrations/auto/serialisation.py,method,SerialisedTableType,__lt__,A,1,431,432
piccolo/apps/migrations/auto/serialisation.py,method,SerialisedTableType,table_class_name,A,1,435,436
piccolo/apps/migrations/auto/serialisation.py,method,SerialisedTableType,warn_if_is_conflicting_with_global_name,A,1,438,439
piccolo/apps/migrations/auto/serialisation.py,method,InlineSerialisedEnumType,__hash__,A,1,446,447
piccolo/apps/migrations/auto/serialisation.py,method,InlineSerialisedEnumType,__eq__,A,1,449,450
piccolo/apps/migrations/auto/serialisation.py,method,SerialisedEnumTypeDefinition,__hash__,A,1,462,463
piccolo/apps/migrations/auto/serialisation.py,method,SerialisedEnumTypeDefinition,__eq__,A,1,465,466
piccolo/apps/migrations/auto/serialisation.py,method,SerialisedEnumTypeDefinition,__repr__,A,1,468,472
piccolo/apps/migrations/auto/serialisation.py,method,SerialisedEnumTypeDefinition,warn_if_is_conflicting_with_global_name,A,1,474,475
piccolo/apps/migrations/auto/serialisation.py,method,SerialisedCallable,__hash__,A,1,482,483
piccolo/apps/migrations/auto/serialisation.py,method,SerialisedCallable,__eq__,A,1,485,486
piccolo/apps/migrations/auto/serialisation.py,method,SerialisedCallable,__repr__,A,1,488,489
piccolo/apps/migrations/auto/serialisation.py,method,SerialisedUUID,__hash__,A,1,496,497
piccolo/apps/migrations/auto/serialisation.py,method,SerialisedUUID,__eq__,A,1,499,500
piccolo/apps/migrations/auto/serialisation.py,method,SerialisedUUID,__repr__,A,1,502,503
piccolo/apps/migrations/auto/serialisation.py,method,SerialisedDecimal,__hash__,A,1,510,511
piccolo/apps/migrations/auto/serialisation.py,method,SerialisedDecimal,__eq__,A,1,513,514
piccolo/apps/migrations/auto/serialisation.py,method,SerialisedDecimal,__repr__,A,1,516,519
piccolo/apps/migrations/auto/migration_manager.py,method,AddColumnCollection,append,A,1,46,47
piccolo/apps/migrations/auto/migration_manager.py,method,DropColumnCollection,append,A,1,76,77
piccolo/apps/migrations/auto/migration_manager.py,method,RenameColumnCollection,append,A,1,95,96
piccolo/apps/migrations/auto/migration_manager.py,method,AlterColumnCollection,append,A,1,116,117
piccolo/apps/migrations/auto/migration_manager.py,method,SkippedTransaction,__aenter__,A,1,135,136
piccolo/apps/migrations/auto/migration_manager.py,method,SkippedTransaction,__aexit__,A,1,138,139
piccolo/apps/migrations/auto/migration_manager.py,method,MigrationManager,drop_table,A,1,262,267
piccolo/apps/migrations/auto/migration_manager.py,method,MigrationManager,change_table_schema,A,1,271,283
piccolo/apps/migrations/auto/migration_manager.py,method,MigrationManager,rename_table,A,1,287,301
piccolo/apps/migrations/auto/migration_manager.py,method,MigrationManager,add_raw,A,1,427,432
piccolo/apps/migrations/auto/migration_manager.py,method,MigrationManager,add_raw_backwards,A,1,434,439
piccolo/apps/project/commands/new.py,function,,new,A,1,38,53
piccolo/apps/app/commands/new.py,function,,get_app_module,A,1,56,57
piccolo/apps/app/commands/new.py,function,,new,A,1,109,122
piccolo/apps/meta/commands/version.py,function,,version,A,1,4,8
piccolo/apps/fixtures/commands/dump.py,function,,dump_to_json_string,A,1,57,67
piccolo/apps/fixtures/commands/dump.py,function,,dump,A,1,113,130
piccolo/apps/user/tables.py,method,BaseUser,get_salt,A,1,66,67
piccolo/apps/user/tables.py,method,BaseUser,get_readable,A,1,70,74
piccolo/apps/user/tables.py,method,BaseUser,update_password_sync,A,1,112,116
piccolo/apps/user/tables.py,method,BaseUser,login_sync,A,1,189,193
piccolo/apps/user/tables.py,method,BaseUser,create_user_sync,A,1,252,260
piccolo/apps/user/piccolo_migrations/2019-11-14T21-52-21.py,function,,forwards,A,1,6,78
piccolo/apps/user/piccolo_migrations/2021-04-30T16-14-15.py,function,,forwards,A,1,9,44
piccolo/apps/user/piccolo_migrations/2020-06-11T21-38-55.py,function,,forwards,A,1,6,39
piccolo/apps/user/commands/list.py,function,,get_users,A,1,12,24
piccolo/apps/user/commands/create.py,function,,get_email,A,1,14,15
piccolo/apps/user/commands/create.py,function,,get_password,A,1,18,19
piccolo/apps/user/commands/create.py,function,,get_confirmed_password,A,1,22,23
piccolo/table.py,method,TableMeta,refresh_db,A,2,207,211
piccolo/table.py,method,Table,remove,A,2,710,724
piccolo/table.py,method,Table,__repr__,A,2,993,999
piccolo/table.py,method,Table,ref,A,2,1157,1185
piccolo/table.py,method,Table,insert,A,2,1188,1204
piccolo/schema.py,method,CreateSchema,ddl,A,2,52,58
piccolo/schema.py,method,MoveTable,ddl,A,2,121,126
piccolo/schema.py,method,ListTables,run,A,2,134,148
piccolo/schema.py,method,ListSchemas,run,A,2,161,170
piccolo/table_reflection.py,method,Singleton,__call__,A,2,63,68
piccolo/table_reflection.py,method,TableStorage,__init__,A,2,83,92
piccolo/table_reflection.py,method,TableStorage,get_table,A,2,157,178
piccolo/table_reflection.py,method,TableStorage,_add_table,A,2,180,187
piccolo/table_reflection.py,method,TableStorage,_add_to_schema_tables,A,2,190,200
piccolo/table_reflection.py,method,TableStorage,_get_table_name,A,2,203,204
piccolo/table_reflection.py,method,TableStorage,__repr__,A,2,206,207
piccolo/querystring.py,method,QueryString,__eq__,A,2,260,264
piccolo/querystring.py,method,QueryString,__ne__,A,2,266,270
piccolo/testing/random_builder.py,method,RandomBuilder,next_datetime,A,2,28,36
piccolo/testing/random_builder.py,method,RandomBuilder,next_enum,A,2,40,41
piccolo/testing/random_builder.py,method,RandomBuilder,next_str,A,2,65,68
piccolo/query/base.py,method,Query,engine_type,A,2,42,47
piccolo/query/base.py,method,Query,run_sync,A,2,208,232
piccolo/query/base.py,method,Query,__str__,A,2,348,349
piccolo/query/base.py,method,FrozenQuery,__getattr__,A,2,365,372
piccolo/query/base.py,method,DDL,engine_type,A,2,388,393
piccolo/query/base.py,method,DDL,run_sync,A,2,460,469
piccolo/query/mixins.py,function,,to_string,A,2,649,653
piccolo/query/mixins.py,method,Limit,__post_init__,A,2,94,96
piccolo/query/mixins.py,method,AsOf,__post_init__,A,2,115,117
piccolo/query/mixins.py,method,Offset,__post_init__,A,2,133,135
piccolo/query/mixins.py,method,WhereDelegate,get_where_columns,A,2,242,250
piccolo/query/mixins.py,method,OrderByDelegate,order_by,A,2,294,299
piccolo/query/mixins.py,method,LimitDelegate,copy,A,2,311,313
piccolo/query/mixins.py,method,ValuesDelegate,get_sql_values,A,2,566,572
piccolo/query/mixins.py,method,GroupBy,querystring,A,2,602,607
piccolo/query/proxy.py,method,Proxy,__getattr__,A,2,46,66
piccolo/query/proxy.py,function,,proxy,A,2,56,62
piccolo/query/functions/datetime.py,function,,_extract_component,A,2,140,161
piccolo/query/functions/datetime.py,method,Extract,__init__,A,2,49,82
piccolo/query/functions/base.py,method,Function,__init__,A,2,10,20
piccolo/query/methods/alter.py,method,SetNull,ddl,A,2,175,179
piccolo/query/methods/alter.py,method,SetDigits,ddl,A,2,244,252
piccolo/query/methods/alter.py,method,Alter,add_column,A,2,317,332
piccolo/query/methods/alter.py,method,Alter,set_digits,A,2,583,603
piccolo/query/methods/select.py,method,First,run,A,2,94,107
piccolo/query/methods/select.py,method,Select,__init__,A,2,194,212
piccolo/query/methods/select.py,method,Select,as_of,A,2,336,341
piccolo/query/methods/select.py,method,Select,run,A,2,808,821
piccolo/query/methods/indexes.py,method,Indexes,response_handler,A,2,33,34
piccolo/query/methods/table_exists.py,method,TableExists,postgres_querystrings,A,2,28,41
piccolo/query/methods/create_index.py,method,CreateIndex,prefix,A,2,36,40
piccolo/query/methods/create_index.py,method,CreateIndex,postgres_ddl,A,2,43,52
piccolo/query/methods/objects.py,method,First,run,A,2,130,144
piccolo/query/methods/objects.py,method,Objects,as_of,A,2,458,462
piccolo/query/methods/objects.py,method,Objects,get_or_create,A,2,526,534
piccolo/query/methods/objects.py,method,Objects,run,A,2,593,612
piccolo/query/methods/update.py,method,Update,values,A,2,43,52
piccolo/query/methods/insert.py,method,Insert,_raw_response_callback,A,2,91,104
piccolo/query/methods/drop_index.py,method,DropIndex,default_querystrings,A,2,33,39
piccolo/query/operators/json.py,method,JSONQueryString,clean_value,A,2,14,17
piccolo/query/operators/json.py,method,GetChildElement,__init__,A,2,43,54
piccolo/columns/m2m.py,method,M2MMeta,name,A,2,155,160
piccolo/columns/m2m.py,method,M2MMeta,table,A,2,163,168
piccolo/columns/m2m.py,method,M2MMeta,foreign_key_columns,A,2,192,197
piccolo/columns/readable.py,method,Readable,_columns_string,A,2,26,28
piccolo/columns/readable.py,method,Readable,get_select_string,A,2,49,57
piccolo/columns/base.py,method,ColumnMeta,db_column_name,A,2,192,193
piccolo/columns/base.py,method,ColumnMeta,name,A,2,206,211
piccolo/columns/base.py,method,ColumnMeta,table,A,2,218,223
piccolo/columns/base.py,method,ColumnMeta,engine_type,A,2,321,326
piccolo/columns/base.py,method,Column,ilike,A,2,757,771
piccolo/columns/base.py,method,Column,__eq__,A,2,851,855
piccolo/columns/base.py,method,Column,__ne__,A,2,857,861
piccolo/columns/base.py,method,Column,table_alias,A,2,1084,1087
piccolo/columns/column_types.py,method,Varchar,column_type,A,2,343,344
piccolo/columns/column_types.py,method,Varchar,__get__,A,2,371,372
piccolo/columns/column_types.py,method,Char,column_type,A,2,427,428
piccolo/columns/column_types.py,method,Secret,__get__,A,2,450,451
piccolo/columns/column_types.py,method,Text,__get__,A,2,515,516
piccolo/columns/column_types.py,method,UUID,__get__,A,2,581,582
piccolo/columns/column_types.py,method,Integer,__get__,A,2,696,697
piccolo/columns/column_types.py,method,BigInt,__get__,A,2,752,753
piccolo/columns/column_types.py,method,SmallInt,__get__,A,2,800,801
piccolo/columns/column_types.py,method,Serial,__get__,A,2,850,851
piccolo/columns/column_types.py,method,BigSerial,__get__,A,2,882,883
piccolo/columns/column_types.py,method,PrimaryKey,__get__,A,2,918,919
piccolo/columns/column_types.py,method,Timestamp,__get__,A,2,1014,1015
piccolo/columns/column_types.py,method,Timestamptz,__get__,A,2,1110,1111
piccolo/columns/column_types.py,method,Date,__get__,A,2,1191,1192
piccolo/columns/column_types.py,method,Time,__init__,A,2,1225,1236
piccolo/columns/column_types.py,method,Time,__get__,A,2,1269,1270
piccolo/columns/column_types.py,method,Interval,__init__,A,2,1303,1314
piccolo/columns/column_types.py,method,Interval,__get__,A,2,1359,1360
piccolo/columns/column_types.py,method,Boolean,__get__,A,2,1450,1451
piccolo/columns/column_types.py,method,Numeric,precision,A,2,1504,1508
piccolo/columns/column_types.py,method,Numeric,scale,A,2,1511,1515
piccolo/columns/column_types.py,method,Numeric,__get__,A,2,1550,1551
piccolo/columns/column_types.py,method,Decimal,__get__,A,2,1571,1572
piccolo/columns/column_types.py,method,Real,__init__,A,2,1601,1612
piccolo/columns/column_types.py,method,Real,__get__,A,2,1623,1624
piccolo/columns/column_types.py,method,Float,__get__,A,2,1644,1645
piccolo/columns/column_types.py,method,DoublePrecision,__get__,A,2,1669,1670
piccolo/columns/column_types.py,method,ForeignKey,set_proxy_columns,A,2,2208,2219
piccolo/columns/column_types.py,method,ForeignKey,__get__,A,2,2346,2347
piccolo/columns/column_types.py,method,JSON,__init__,A,2,2370,2389
piccolo/columns/column_types.py,method,JSON,column_type,A,2,2392,2397
piccolo/columns/column_types.py,method,JSON,arrow,A,2,2401,2414
piccolo/columns/column_types.py,method,JSON,from_path,A,2,2434,2467
piccolo/columns/column_types.py,method,JSON,__get__,A,2,2478,2479
piccolo/columns/column_types.py,method,JSONB,__get__,A,2,2511,2512
piccolo/columns/column_types.py,method,Bytea,__init__,A,2,2552,2570
piccolo/columns/column_types.py,method,Bytea,__get__,A,2,2581,2582
piccolo/columns/column_types.py,method,Blob,__get__,A,2,2602,2603
piccolo/columns/column_types.py,method,Array,_setup_base_column,A,2,2704,2711
piccolo/columns/column_types.py,method,Array,_get_dimensions,A,2,2713,2731
piccolo/columns/column_types.py,method,Array,_get_inner_column,A,2,2733,2748
piccolo/columns/column_types.py,method,Array,cat,A,2,2868,2916
piccolo/columns/column_types.py,method,Array,__get__,A,2,3022,3023
piccolo/columns/defaults/timestamptz.py,method,TimestamptzCustom,from_datetime,A,2,62,72
piccolo/utils/sync.py,function,,run_sync,A,2,11,29
piccolo/utils/pydantic.py,function,,get_array_value_type,A,2,76,86
piccolo/conf/apps.py,method,AppConfig,resolved_migrations_folder_path,A,2,191,195
piccolo/conf/apps.py,method,AppRegistry,get_table_classes,A,2,303,315
piccolo/conf/apps.py,method,AppRegistry,get_table_with_name,A,2,317,329
piccolo/conf/apps.py,method,Finder,_deduplicate,A,2,358,365
piccolo/conf/apps.py,method,Finder,get_app_names,A,2,493,507
piccolo/conf/apps.py,method,PiccoloConfUpdater,__init__,A,2,606,613
piccolo/engine/postgres.py,method,AsyncBatch,cursor,A,2,46,49
piccolo/engine/postgres.py,method,AsyncBatch,transaction,A,2,52,55
piccolo/engine/postgres.py,method,AsyncBatch,__anext__,A,2,64,68
piccolo/engine/postgres.py,method,AsyncBatch,__aexit__,A,2,79,87
piccolo/engine/postgres.py,method,PostgresTransaction,__aenter__,A,2,219,227
piccolo/engine/postgres.py,method,PostgresTransaction,get_connection,A,2,229,233
piccolo/engine/postgres.py,method,PostgresTransaction,savepoint,A,2,258,262
piccolo/engine/postgres.py,method,PostgresEngine,__init__,A,2,358,383
piccolo/engine/postgres.py,method,PostgresEngine,start_connection_pool,A,2,459,468
piccolo/engine/postgres.py,method,PostgresEngine,close_connection_pool,A,2,470,475
piccolo/engine/postgres.py,method,PostgresEngine,batch,A,2,487,505
piccolo/engine/postgres.py,method,PostgresEngine,transform_response_to_dicts,A,2,587,592
piccolo/engine/sqlite.py,function,,convert_datetime_in,A,2,77,85
piccolo/engine/sqlite.py,function,,convert_complex_array_out,A,2,261,286
piccolo/engine/sqlite.py,function,,dict_factory,A,2,578,579
piccolo/engine/sqlite.py,method,AsyncBatch,cursor,A,2,344,347
piccolo/engine/sqlite.py,method,AsyncBatch,__anext__,A,2,356,360
piccolo/engine/sqlite.py,method,SQLiteTransaction,__aenter__,A,2,515,522
piccolo/engine/sqlite.py,method,SQLiteTransaction,savepoint,A,2,550,554
piccolo/engine/sqlite.py,method,SQLiteEngine,remove_db_file,A,2,654,660
piccolo/engine/sqlite.py,method,SQLiteEngine,create_db_file,A,2,662,669
piccolo/engine/cockroach.py,method,CockroachAtomic,setup_transaction,A,2,40,44
piccolo/engine/cockroach.py,method,CockroachTransaction,autocommit_before_ddl,A,2,50,53
piccolo/apps/tester/commands/run.py,function,,run_pytest,A,2,42,51
piccolo/apps/tester/commands/run.py,function,,refresh_db,A,2,54,58
piccolo/apps/tester/commands/run.py,method,set_env_var,__exit__,A,2,35,39
piccolo/apps/asgi/commands/new.py,function,,get_options_string,A,2,30,31
piccolo/apps/asgi/commands/new.py,function,,get_routing_framework,A,2,34,37
piccolo/apps/asgi/commands/new.py,function,,get_server,A,2,40,43
piccolo/apps/schema/commands/generate.py,function,,_handle_timestamp,A,2,478,482
piccolo/apps/schema/commands/generate.py,function,,_handle_timestamptz,A,2,486,490
piccolo/apps/schema/commands/generate.py,function,,get_indexes,A,2,539,562
piccolo/apps/schema/commands/generate.py,function,,get_fk_triggers,A,2,566,623
piccolo/apps/schema/commands/generate.py,function,,get_constraints,A,2,628,656
piccolo/apps/schema/commands/generate.py,function,,get_tablenames,A,2,660,681
piccolo/apps/schema/commands/generate.py,function,,get_table_schema,A,2,686,714
piccolo/apps/schema/commands/generate.py,function,,get_foreign_key_reference,A,2,717,737
piccolo/apps/schema/commands/generate.py,function,,_get_column_type,A,2,740,745
piccolo/apps/schema/commands/generate.py,function,,_apply_index_params,A,2,758,764
piccolo/apps/schema/commands/generate.py,method,RowMeta,__post_init__,A,2,81,91
piccolo/apps/schema/commands/generate.py,method,RowMeta,numeric_precision,A,2,95,96
piccolo/apps/schema/commands/generate.py,method,RowMeta,numeric_scale,A,2,99,100
piccolo/apps/schema/commands/generate.py,method,RowMeta,numeric_precision_radix,A,2,103,104
piccolo/apps/schema/commands/generate.py,method,TableConstraints,is_primary_key,A,2,147,149
piccolo/apps/schema/commands/generate.py,method,TableConstraints,is_unique,A,2,152,154
piccolo/apps/schema/commands/generate.py,method,TableConstraints,is_foreign_key,A,2,157,159
piccolo/apps/schema/commands/generate.py,method,Index,__post_init__,A,2,222,255
piccolo/apps/schema/commands/generate.py,method,TableIndexes,get_warnings,A,2,272,274
piccolo/apps/schema/commands/generate.py,method,OutputSchema,__radd__,A,2,312,320
piccolo/apps/migrations/commands/new.py,function,,_create_migrations_folder,A,2,46,56
piccolo/apps/migrations/commands/new.py,method,AutoMigrationManager,get_alter_statements,A,2,177,207
piccolo/apps/migrations/commands/base.py,method,BaseMigrationManager,create_migration_table,A,2,23,31
piccolo/apps/migrations/commands/backwards.py,function,,backwards,A,2,163,198
piccolo/apps/migrations/commands/clean.py,method,CleanMigrationManager,get_migration_ids_to_remove,A,2,15,40
piccolo/apps/migrations/commands/forwards.py,function,,forwards,A,2,151,182
piccolo/apps/migrations/commands/check.py,method,CheckMigrationManager,run,A,2,80,111
piccolo/apps/migrations/auto/schema_differ.py,method,RenameTableCollection,old_class_names,A,2,36,37
piccolo/apps/migrations/auto/schema_differ.py,method,RenameTableCollection,new_class_names,A,2,40,41
piccolo/apps/migrations/auto/schema_differ.py,method,RenameColumnCollection,old_column_names,A,2,87,88
piccolo/apps/migrations/auto/schema_differ.py,method,RenameColumnCollection,new_column_names,A,2,91,92
piccolo/apps/migrations/auto/schema_differ.py,method,SchemaDiffer,__post_init__,A,2,127,135
piccolo/apps/migrations/auto/schema_differ.py,method,SchemaDiffer,rename_tables,A,2,413,425
piccolo/apps/migrations/auto/schema_differ.py,method,SchemaDiffer,change_table_schemas,A,2,428,440
piccolo/apps/migrations/auto/schema_differ.py,method,SchemaDiffer,rename_columns,A,2,618,630
piccolo/apps/migrations/auto/schema_differ.py,method,SchemaDiffer,get_alter_statements,A,2,685,706
piccolo/apps/migrations/auto/diffable_table.py,method,ColumnComparison,__eq__,A,2,88,94
piccolo/apps/migrations/auto/diffable_table.py,method,DiffableTable,__post_init__,A,2,110,112
piccolo/apps/migrations/auto/diffable_table.py,method,DiffableTable,to_table_class,A,2,230,238
piccolo/apps/migrations/auto/schema_snapshot.py,method,SchemaSnapshot,_apply_add_tables,A,2,53,57
piccolo/apps/migrations/auto/serialisation.py,function,,check_equality,A,2,268,272
piccolo/apps/migrations/auto/serialisation.py,function,,_handle_builtin,A,2,535,544
piccolo/apps/migrations/auto/serialisation.py,function,,_handle_default,A,2,585,600
piccolo/apps/migrations/auto/serialisation.py,function,,_handle_datetime,A,2,603,617
piccolo/apps/migrations/auto/serialisation.py,function,,_handle_uuid,A,2,620,636
piccolo/apps/migrations/auto/serialisation.py,function,,_handle_decimal,A,2,639,655
piccolo/apps/migrations/auto/serialisation.py,function,,_handle_lazy_table_ref,A,2,743,771
piccolo/apps/migrations/auto/serialisation.py,method,UniqueGlobalNames,warn_if_is_conflicting_name,A,2,157,165
piccolo/apps/migrations/auto/serialisation.py,method,UniqueGlobalNames,warn_if_are_conflicting_objects,A,2,175,183
piccolo/apps/migrations/auto/serialisation.py,method,Import,__repr__,A,2,212,216
piccolo/apps/migrations/auto/serialisation.py,method,Import,__hash__,A,2,218,222
piccolo/apps/migrations/auto/serialisation.py,method,SerialisedColumnInstance,__repr__,A,2,314,320
piccolo/apps/migrations/auto/serialisation.py,method,InlineSerialisedEnumType,__repr__,A,2,452,455
piccolo/apps/migrations/auto/migration_manager.py,method,AddColumnCollection,table_class_names,A,2,68,69
piccolo/apps/migrations/auto/migration_manager.py,method,DropColumnCollection,table_class_names,A,2,87,88
piccolo/apps/migrations/auto/migration_manager.py,method,RenameColumnCollection,table_class_names,A,2,108,109
piccolo/apps/migrations/auto/migration_manager.py,method,AlterColumnCollection,table_class_names,A,2,127,128
piccolo/apps/migrations/auto/migration_manager.py,method,MigrationManager,add_table,A,2,243,258
piccolo/apps/migrations/auto/migration_manager.py,method,MigrationManager,drop_column,A,2,350,364
piccolo/apps/migrations/auto/migration_manager.py,method,MigrationManager,_print_query,A,2,478,482
piccolo/apps/migrations/auto/migration_manager.py,method,MigrationManager,_run_query,A,2,484,492
piccolo/apps/migrations/auto/migration_manager.py,method,MigrationManager,_get_alter_params,A,2,497,502
piccolo/apps/migrations/auto/migration_manager.py,method,MigrationManager,_get_alter_classes,A,2,505,510
piccolo/apps/migrations/auto/migration_manager.py,method,MigrationManager,_run_alter_nullable,A,2,665,675
piccolo/apps/migrations/auto/migration_manager.py,method,MigrationManager,_run_alter_length,A,2,679,689
piccolo/apps/migrations/auto/migration_manager.py,method,MigrationManager,_run_alter_unique,A,2,693,707
piccolo/apps/migrations/auto/migration_manager.py,method,MigrationManager,_run_alter_digits,A,2,776,787
piccolo/apps/app/commands/show_all.py,function,,show_all,A,2,4,13
piccolo/apps/user/tables.py,method,BaseUser,split_stored_password,A,2,180,184
piccolo/apps/user/tables.py,method,BaseUser,create_user,A,2,265,286
piccolo/apps/user/commands/create.py,function,,get_username,A,2,8,11
piccolo/apps/user/commands/change_password.py,function,,change_password,A,2,11,26
piccolo/table.py,function,,create_db_tables,A,3,1691,1719
piccolo/table.py,method,TableMeta,db,A,3,194,201
piccolo/table.py,method,TableMeta,get_auto_update_values,A,3,257,267
piccolo/table.py,method,Table,__init_subclass__,A,3,339,405
piccolo/table.py,method,Table,_get_related_readable,A,3,942,964
piccolo/table.py,method,Table,querystring,A,3,977,988
piccolo/table.py,method,Table,_process_column_args,A,3,1225,1239
piccolo/schema.py,method,CreateSchema,run,A,3,45,49
piccolo/schema.py,method,DropSchema,ddl,A,3,76,85
piccolo/schema.py,method,SchemaManager,__init__,A,3,180,193
piccolo/table_reflection.py,method,TableStorage,reflect,A,3,94,144
piccolo/table_reflection.py,method,TableStorage,_get_schema_and_table_name,A,3,210,229
piccolo/querystring.py,method,QueryString,get_select_string,A,3,244,250
piccolo/query/constraints.py,function,,get_fk_constraint_rules,A,3,56,95
piccolo/query/base.py,method,Query,_process_results,A,3,49,61
piccolo/query/mixins.py,method,Returning,querystring,A,3,192,203
piccolo/query/mixins.py,method,DistinctDelegate,distinct,A,3,335,341
piccolo/query/mixins.py,method,AddDelegate,add,A,3,364,369
piccolo/query/mixins.py,method,CallbackDelegate,callback,A,3,435,446
piccolo/query/mixins.py,method,CallbackDelegate,invoke,A,3,448,463
piccolo/query/mixins.py,method,PrefetchDelegate,prefetch,A,3,476,492
piccolo/query/mixins.py,method,OnConflict,querystring,A,3,729,732
piccolo/query/mixins.py,method,LockRowsDelegate,lock_rows,A,3,851,874
piccolo/query/functions/array.py,method,ArrayAppend,__init__,A,3,52,69
piccolo/query/functions/array.py,method,ArrayPrepend,__init__,A,3,73,90
piccolo/query/functions/array.py,method,ArrayReplace,__init__,A,3,94,119
piccolo/query/functions/array.py,method,ArrayRemove,__init__,A,3,124,142
piccolo/query/methods/alter.py,method,AlterColumnStatement,column_name,A,3,59,65
piccolo/query/methods/alter.py,method,SetColumnType,ddl,A,3,121,131
piccolo/query/methods/alter.py,method,SetUnique,ddl,A,3,154,165
piccolo/query/methods/alter.py,method,AddForeignKeyConstraint,ddl,A,3,223,233
piccolo/query/methods/alter.py,method,DropTable,ddl,A,3,274,285
piccolo/query/methods/alter.py,method,Alter,set_length,A,3,484,510
piccolo/query/methods/select.py,method,Select,distinct,A,3,320,325
piccolo/query/methods/select.py,method,Select,group_by,A,3,327,334
piccolo/query/methods/select.py,method,Select,order_by,A,3,528,546
piccolo/query/methods/select.py,method,Select,output,A,3,569,588
piccolo/query/methods/select.py,method,Select,batch,A,3,607,617
piccolo/query/methods/select.py,method,Select,_append_lock_rows,A,3,795,806
piccolo/query/methods/raw.py,method,Raw,batch,A,3,26,36
piccolo/query/methods/create_index.py,method,CreateIndex,column_names,A,3,29,32
piccolo/query/methods/create_index.py,method,CreateIndex,sqlite_ddl,A,3,61,74
piccolo/query/methods/objects.py,method,Objects,order_by,A,3,478,489
piccolo/query/methods/objects.py,method,Objects,batch,A,3,542,552
piccolo/query/methods/objects.py,method,Objects,response_handler,A,3,554,558
piccolo/query/methods/delete.py,method,Delete,_validate,A,3,42,51
piccolo/query/methods/delete.py,method,Delete,default_querystrings,A,3,56,75
piccolo/query/methods/drop_index.py,method,DropIndex,column_names,A,3,27,29
piccolo/query/operators/json.py,method,GetElementFromPath,__init__,A,3,95,110
piccolo/columns/m2m.py,method,M2MSelect,__init__,A,3,28,57
piccolo/columns/m2m.py,method,M2MMeta,primary_foreign_key,A,3,200,229
piccolo/columns/m2m.py,method,M2MMeta,secondary_foreign_key,A,3,236,244
piccolo/columns/m2m.py,method,M2MAddRelated,resolved_extra_column_values,A,3,259,262
piccolo/columns/reference.py,method,LazyTableReference,__str__,A,3,83,89
piccolo/columns/base.py,method,ColumnMeta,get_default_alias,A,3,353,364
piccolo/columns/base.py,method,ColumnMeta,get_full_name,A,3,381,424
piccolo/columns/base.py,method,Column,__init__,A,3,579,637
piccolo/columns/base.py,method,Column,get_select_string,A,3,953,976
piccolo/columns/base.py,method,Column,_get_sqlite_sql_value,A,3,1032,1045
piccolo/columns/base.py,method,Column,__repr__,A,3,1148,1157
piccolo/columns/combination.py,method,Where,querystring,A,3,205,221
piccolo/columns/column_types.py,method,TimedeltaDelegate,get_postgres_interval_string,A,3,204,219
piccolo/columns/column_types.py,method,Timestamptz,__init__,A,3,1061,1077
piccolo/columns/column_types.py,method,Date,__init__,A,3,1144,1158
piccolo/columns/column_types.py,method,Interval,column_type,A,3,1317,1326
piccolo/columns/column_types.py,method,Numeric,column_type,A,3,1494,1501
piccolo/columns/column_types.py,method,ForeignKey,column_type,A,3,1873,1887
piccolo/columns/column_types.py,method,Bytea,column_type,A,3,2544,2550
piccolo/columns/column_types.py,method,Array,any,A,3,2814,2830
piccolo/columns/column_types.py,method,Array,not_any,A,3,2832,2848
piccolo/columns/column_types.py,method,Array,all,A,3,2850,2866
piccolo/columns/defaults/base.py,method,Default,get_postgres_interval_string,A,3,24,40
piccolo/columns/defaults/base.py,method,Default,get_sqlite_interval_string,A,3,42,58
piccolo/utils/list.py,function,,flatten,A,3,7,28
piccolo/utils/pydantic.py,function,,validate_columns,A,3,64,72
piccolo/utils/pydantic.py,function,,_get_value_type_for_column,A,3,177,196
piccolo/utils/pydantic.py,function,,_build_pydantic_config,A,3,278,295
piccolo/utils/printing.py,function,,get_fixed_length_string,A,3,4,12
piccolo/utils/encoding.py,function,,load_json,A,3,66,74
piccolo/conf/apps.py,method,AppConfig,get_commands,A,3,207,209
piccolo/conf/apps.py,method,AppRegistry,_validate_app_names,A,3,284,294
piccolo/conf/apps.py,method,Finder,_import_app_modules,A,3,367,391
piccolo/conf/apps.py,method,Finder,get_piccolo_conf_path,A,3,442,451
piccolo/conf/apps.py,method,Finder,get_engine,A,3,460,478
piccolo/conf/apps.py,method,Finder,get_app_configs,A,3,536,548
piccolo/conf/apps.py,method,Finder,get_app_config,A,3,551,558
piccolo/engine/base.py,function,,validate_savepoint_name,A,3,29,34
piccolo/engine/postgres.py,method,PostgresTransaction,__init__,A,3,188,215
piccolo/engine/postgres.py,method,PostgresEngine,get_version,A,3,399,415
piccolo/engine/postgres.py,method,PostgresEngine,prep_database,A,3,421,434
piccolo/engine/postgres.py,method,PostgresEngine,_run_in_pool,A,3,510,521
piccolo/engine/postgres.py,method,PostgresEngine,_run_in_new_connection,A,3,523,537
piccolo/engine/sqlite.py,method,SQLiteTransaction,__init__,A,3,484,511
piccolo/engine/sqlite.py,function,,wrapper,A,3,157,163
piccolo/apps/schema/commands/generate.py,function,,_handle_date,A,3,464,469
piccolo/apps/schema/commands/generate.py,function,,_apply_primary_key_override,A,3,748,755
piccolo/apps/schema/commands/generate.py,method,RowMeta,get_column_name_str,A,3,107,109
piccolo/apps/schema/commands/generate.py,method,TableTriggers,get_column_triggers,A,3,201,202
piccolo/apps/schema/commands/generate.py,method,TableIndexes,get_column_index,A,3,267,269
piccolo/apps/migrations/tables.py,method,Migration,get_migrations_which_ran,A,3,16,26
piccolo/apps/migrations/commands/new.py,function,,_generate_migration_meta,A,3,73,106
piccolo/apps/migrations/commands/check.py,method,CheckMigrationManager,have_ran_count,A,3,64,70
piccolo/apps/migrations/commands/check.py,method,CheckMigrationManager,havent_ran_count,A,3,72,78
piccolo/apps/migrations/auto/schema_differ.py,method,RenameTableCollection,was_renamed_from,A,3,43,50
piccolo/apps/migrations/auto/schema_differ.py,method,RenameColumnCollection,for_table_class_name,A,3,77,83
piccolo/apps/migrations/auto/diffable_table.py,method,DiffableTable,__eq__,A,3,217,224
piccolo/apps/migrations/auto/schema_snapshot.py,method,SchemaSnapshot,get_snapshot,A,3,30,49
piccolo/apps/migrations/auto/serialisation.py,function,,_handle_column,A,3,547,582
piccolo/apps/migrations/auto/serialisation.py,function,,_handle_enum_instance,A,3,658,682
piccolo/apps/migrations/auto/serialisation.py,function,,_handle_function,A,3,724,740
piccolo/apps/migrations/auto/serialisation.py,function,,_handle_table_class,A,3,774,807
piccolo/apps/migrations/auto/serialisation.py,function,,_handle_plain_class,A,3,810,823
piccolo/apps/migrations/auto/serialisation.py,method,UniqueGlobalNamesMeta,merge_class_attributes,A,3,90,105
piccolo/apps/migrations/auto/serialisation.py,method,Import,__post_init__,A,3,199,209
piccolo/apps/migrations/auto/migration_manager.py,method,AddColumnCollection,for_table_class_name,A,3,49,55
piccolo/apps/migrations/auto/migration_manager.py,method,AddColumnCollection,columns_for_table_class_name,A,3,58,64
piccolo/apps/migrations/auto/migration_manager.py,method,DropColumnCollection,for_table_class_name,A,3,79,83
piccolo/apps/migrations/auto/migration_manager.py,method,RenameColumnCollection,for_table_class_name,A,3,98,104
piccolo/apps/migrations/auto/migration_manager.py,method,AlterColumnCollection,for_table_class_name,A,3,119,123
piccolo/apps/migrations/auto/migration_manager.py,method,MigrationManager,__init__,A,3,216,240
piccolo/apps/migrations/auto/migration_manager.py,method,MigrationManager,rename_column,A,3,368,386
piccolo/apps/migrations/auto/migration_manager.py,method,MigrationManager,get_table_from_snapshot,A,3,443,473
piccolo/apps/migrations/auto/migration_manager.py,method,MigrationManager,_run_alter_default,A,3,751,772
piccolo/apps/migrations/auto/migration_manager.py,method,MigrationManager,_run_drop_tables,A,3,791,802
piccolo/apps/project/commands/new.py,function,,new_piccolo_conf,A,3,20,35
piccolo/apps/app/commands/new.py,function,,module_exists,A,3,24,34
piccolo/apps/app/commands/new.py,function,,validate_app_name,A,3,40,51
piccolo/apps/fixtures/commands/shared.py,function,,create_pydantic_fixture_model,A,3,21,53
piccolo/apps/fixtures/commands/load.py,function,,load,A,3,94,135
piccolo/apps/user/tables.py,method,BaseUser,__init__,A,3,57,63
piccolo/apps/user/tables.py,method,BaseUser,update_password,A,3,119,136
piccolo/apps/user/tables.py,method,BaseUser,__setattr__,A,3,170,177
piccolo/apps/user/commands/create.py,function,,get_is_admin,A,3,26,34
piccolo/apps/user/commands/create.py,function,,get_is_superuser,A,3,37,45
piccolo/apps/user/commands/create.py,function,,get_is_active,A,3,48,56
piccolo/table.py,function,,sort_table_classes,A,4,1812,1835
piccolo/table.py,method,Table,_process_tablename,A,4,408,425
piccolo/table.py,method,Table,_setup_foreign_keys,A,4,503,517
piccolo/table.py,method,Table,get_related,A,4,767,795
piccolo/table.py,method,Table,update,A,4,1436,1485
piccolo/table_reflection.py,method,TableStorage,_to_list,A,4,232,239
piccolo/querystring.py,method,QueryString,process_args,A,4,107,130
piccolo/testing/test_case.py,method,AsyncTransactionTest,asyncSetUp,A,4,112,121
piccolo/query/constraints.py,function,,get_fk_constraint_name,A,4,8,47
piccolo/query/base.py,method,Query,freeze,A,4,290,344
piccolo/query/base.py,method,DDL,run,A,4,444,458
piccolo/query/mixins.py,method,Distinct,querystring,A,4,40,50
piccolo/query/mixins.py,method,WhereDelegate,_extract_columns,A,4,252,259
piccolo/query/mixins.py,method,OrderByDelegate,get_order_by_columns,A,4,282,291
piccolo/query/mixins.py,method,ColumnsDelegate,remove_secret_columns,A,4,517,524
piccolo/query/mixins.py,method,ValuesDelegate,values,A,4,536,564
piccolo/query/mixins.py,method,OnConflictItem,querystring,A,4,698,713
piccolo/query/functions/datetime.py,function,,_get_engine_type,A,4,129,137
piccolo/query/functions/array.py,method,ArrayCat,__init__,A,4,25,48
piccolo/query/methods/select.py,method,SelectList,run,A,4,115,135
piccolo/query/methods/select.py,method,Select,_validate_sqlite_offset,A,4,784,791
piccolo/query/methods/refresh.py,method,Refresh,__init__,A,4,31,51
piccolo/query/methods/refresh.py,method,Refresh,_columns,A,4,54,62
piccolo/query/methods/refresh.py,method,Refresh,_get_columns,A,4,65,102
piccolo/query/methods/update.py,method,Update,default_querystrings,A,4,89,118
piccolo/columns/m2m.py,method,M2MMeta,resolved_joining_table,A,4,171,187
piccolo/columns/m2m.py,method,M2M,__call__,A,4,411,438
piccolo/columns/reference.py,method,LazyColumnReferenceStore,for_table,A,4,96,101
piccolo/columns/reference.py,method,LazyColumnReferenceStore,for_tablename,A,4,104,110
piccolo/columns/base.py,method,ForeignKeyMeta,resolved_references,A,4,104,120
piccolo/columns/base.py,method,ForeignKeyMeta,resolved_target_column,A,4,125,137
piccolo/columns/base.py,method,ColumnMeta,get_choices_dict,A,4,328,349
piccolo/columns/base.py,method,ColumnMeta,_get_path,A,4,366,379
piccolo/columns/base.py,method,ColumnMeta,copy,A,4,428,445
piccolo/columns/base.py,method,Column,get_default_value,A,4,941,951
piccolo/columns/combination.py,method,Where,values_querystring,A,4,192,202
piccolo/columns/combination.py,method,Where,querystring_for_update_and_delete,A,4,224,253
piccolo/columns/column_types.py,method,TimedeltaDelegate,get_sqlite_interval_string,A,4,221,242
piccolo/columns/column_types.py,method,BigInt,_get_column_type,A,4,730,737
piccolo/columns/column_types.py,method,SmallInt,column_type,A,4,781,789
piccolo/columns/column_types.py,method,Serial,column_type,A,4,820,828
piccolo/columns/column_types.py,method,Serial,default,A,4,830,839
piccolo/columns/column_types.py,method,BigSerial,column_type,A,4,863,871
piccolo/columns/column_types.py,method,Timestamp,__init__,A,4,962,981
piccolo/columns/column_types.py,method,Numeric,__init__,A,4,1517,1539
piccolo/columns/column_types.py,method,Array,__init__,A,4,2656,2686
piccolo/columns/column_types.py,method,Array,column_type,A,4,2689,2702
piccolo/columns/column_types.py,method,Array,get_select_string,A,4,2800,2812
piccolo/utils/list.py,function,,batch,A,4,31,59
piccolo/utils/pydantic.py,function,,is_table_column,A,4,49,61
piccolo/utils/encoding.py,function,,dump_json,A,4,15,29
piccolo/utils/lazy_loader.py,method,LazyLoader,_load,A,4,22,49
piccolo/conf/apps.py,method,AppConfig,migration_dependency_app_configs,A,4,213,229
piccolo/conf/apps.py,method,AppConfig,get_table_with_name,A,4,231,245
piccolo/engine/base.py,method,Engine,check_version,A,4,161,183
piccolo/engine/postgres.py,method,Atomic,run,A,4,121,135
piccolo/engine/sqlite.py,method,Atomic,run,A,4,415,430
piccolo/engine/sqlite.py,method,SQLiteEngine,run_querystring,A,4,766,803
piccolo/engine/sqlite.py,method,SQLiteEngine,run_ddl,A,4,805,830
piccolo/engine/sqlite.py,function,,convert_list,A,4,269,281
piccolo/apps/shell/commands/run.py,function,,start_ipython_shell,A,4,15,26
piccolo/apps/asgi/commands/new.py,function,,_process_directory,A,4,46,52
piccolo/apps/schema/commands/generate.py,function,,_apply_type_specific_params,A,4,767,781
piccolo/apps/schema/commands/generate.py,method,TableConstraints,get_foreign_key_constraint_name,A,4,162,170
piccolo/apps/schema/commands/generate.py,method,TableTriggers,get_column_ref_trigger,A,4,204,214
piccolo/apps/schema/commands/generate.py,method,OutputSchema,get_table_with_name,A,4,300,310
piccolo/apps/migrations/commands/clean.py,method,CleanMigrationManager,run,A,4,42,71
piccolo/apps/migrations/commands/forwards.py,function,,run_forwards,A,4,115,148
piccolo/apps/migrations/commands/check.py,method,CheckMigrationManager,get_migration_statuses,A,4,21,62
piccolo/apps/migrations/auto/schema_differ.py,method,RenameTableCollection,renamed_from,A,4,52,59
piccolo/apps/migrations/auto/schema_differ.py,method,SchemaDiffer,check_table_schema_changes,A,4,224,244
piccolo/apps/migrations/auto/schema_differ.py,method,SchemaDiffer,create_tables,A,4,351,379
piccolo/apps/migrations/auto/schema_differ.py,method,SchemaDiffer,drop_tables,A,4,382,410
piccolo/apps/migrations/auto/schema_snapshot.py,method,SchemaSnapshot,get_table_from_snapshot,A,4,21,26
piccolo/apps/migrations/auto/schema_snapshot.py,method,SchemaSnapshot,_apply_drop_tables,A,4,59,64
piccolo/apps/migrations/auto/schema_snapshot.py,method,SchemaSnapshot,_apply_rename_tables,A,4,67,75
piccolo/apps/migrations/auto/schema_snapshot.py,method,SchemaSnapshot,_apply_change_table_schemas,A,4,77,86
piccolo/apps/migrations/auto/schema_snapshot.py,method,SchemaSnapshot,_apply_drop_columns,A,4,96,106
piccolo/apps/migrations/auto/schema_snapshot.py,method,SchemaSnapshot,_apply_rename_columns,A,4,131,142
piccolo/apps/migrations/auto/serialisation.py,function,,serialise_params,A,4,842,883
piccolo/apps/migrations/auto/serialisation.py,method,Import,warn_if_is_conflicting_with_global_name,A,4,227,234
piccolo/apps/migrations/auto/migration_manager.py,method,MigrationManager,alter_column,A,4,390,423
piccolo/apps/migrations/auto/migration_manager.py,method,MigrationManager,_run_alter_columns,A,4,514,569
piccolo/apps/user/tables.py,method,BaseUser,hash_password,A,4,141,168
piccolo/table.py,function,,drop_db_tables,A,5,1750,1780
piccolo/table.py,method,TableMeta,get_formatted_tablename,A,5,160,181
piccolo/table.py,method,Table,__eq__,A,5,1001,1065
piccolo/query/mixins.py,method,WhereDelegate,where,A,5,261,275
piccolo/query/mixins.py,method,OutputDelegate,output,A,5,384,414
piccolo/query/mixins.py,method,LockRows,querystring,A,5,828,840
piccolo/query/methods/select.py,method,Select,_check_valid_call_chain,A,5,679,690
piccolo/query/methods/refresh.py,method,Refresh,run,A,5,147,196
piccolo/query/methods/objects.py,method,GetRelated,run,A,5,249,285
piccolo/query/methods/insert.py,method,Insert,on_conflict,A,5,54,87
piccolo/columns/m2m.py,method,M2MAddRelated,_run,A,5,265,298
piccolo/columns/m2m.py,method,M2MRemoveRelated,run,A,5,322,346
piccolo/columns/m2m.py,method,M2M,__init__,A,5,387,408
piccolo/columns/reference.py,method,LazyTableReference,__post_init__,A,5,42,49
piccolo/columns/base.py,method,Column,is_in,A,5,705,721
piccolo/columns/base.py,method,Column,not_in,A,5,723,739
piccolo/columns/combination.py,method,Where,__init__,A,5,145,164
piccolo/columns/column_types.py,method,MathDelegate,get_querystring,A,5,148,170
piccolo/columns/column_types.py,method,UUID,__init__,A,5,547,570
piccolo/columns/column_types.py,method,ForeignKey,__init__,A,5,1933,1976
piccolo/columns/column_types.py,method,ForeignKey,reverse,A,5,2097,2150
piccolo/columns/column_types.py,method,Array,__getitem__,A,5,2764,2798
piccolo/utils/repr.py,function,,repr_class_instance,A,5,4,26
piccolo/utils/pydantic.py,function,,pydantic_json_validator,A,5,34,46
piccolo/utils/pydantic.py,function,,get_pydantic_value_type,A,5,89,108
piccolo/conf/apps.py,method,AppRegistry,__init__,A,5,258,281
piccolo/conf/apps.py,method,Finder,sort_app_configs,A,5,517,534
piccolo/engine/sqlite.py,method,SQLiteTransaction,__aexit__,A,5,558,572
piccolo/engine/sqlite.py,method,SQLiteEngine,_run_in_new_connection,A,5,713,736
piccolo/engine/sqlite.py,method,SQLiteEngine,_run_in_existing_connection,A,5,738,764
piccolo/apps/shell/commands/run.py,function,,run,A,5,29,56
piccolo/apps/schema/commands/generate.py,function,,_handle_interval,A,5,429,453
piccolo/apps/schema/commands/generate.py,function,,get_column_default,A,5,507,527
piccolo/apps/schema/commands/generate.py,function,,_resolve_foreign_key,A,5,784,845
piccolo/apps/schema/commands/generate.py,function,,_process_foreign_key_column,A,5,942,1004
piccolo/apps/schema/commands/generate.py,function,,generate,A,5,1130,1175
piccolo/apps/schema/commands/generate.py,method,TableConstraints,__post_init__,A,5,130,145
piccolo/apps/migrations/commands/forwards.py,method,ForwardsMigrationManager,_get_migration_subset,A,5,29,42
piccolo/apps/migrations/auto/schema_differ.py,method,SchemaDiffer,_stringify_func,A,5,302,345
piccolo/apps/migrations/auto/schema_differ.py,method,SchemaDiffer,_get_snapshot_table,A,5,444,463
piccolo/apps/migrations/auto/schema_differ.py,method,SchemaDiffer,new_table_columns,A,5,635,680
piccolo/apps/migrations/auto/diffable_table.py,function,,compare_dicts,A,5,21,59
piccolo/apps/migrations/auto/serialisation.py,method,UniqueGlobalNamesMeta,get_unique_class_attribute_values,A,5,64,87
piccolo/apps/migrations/auto/serialisation.py,method,UniqueGlobalNamesMeta,get_column_class_attributes,A,5,108,125
piccolo/apps/migrations/auto/migration_manager.py,method,MigrationManager,add_column,A,5,305,346
piccolo/apps/migrations/auto/migration_manager.py,method,MigrationManager,_run_alter_fk_constraints,A,5,626,661
piccolo/apps/migrations/auto/migration_manager.py,method,MigrationManager,_run_alter_index,A,5,711,749
piccolo/apps/migrations/auto/migration_manager.py,method,MigrationManager,_run_rename_tables,A,5,843,870
piccolo/apps/fixtures/commands/dump.py,function,,get_dump,A,5,13,54
piccolo/apps/user/tables.py,method,BaseUser,_validate_password,A,5,79,107
piccolo/table.py,function,,_get_graph,B,6,1838,1883
piccolo/table.py,method,Table,all_related,B,6,1071,1117
piccolo/table.py,method,Table,all_columns,B,6,1121,1153
piccolo/query/base.py,method,Query,_process_output,B,6,108,137
piccolo/query/base.py,method,Query,_run,B,6,154,201
piccolo/query/mixins.py,method,OrderBy,querystring,B,6,165,179
piccolo/query/mixins.py,method,OnConflictItem,target_string,B,6,645,663
piccolo/query/functions/conditional.py,method,NullIf,__init__,B,6,84,122
piccolo/query/functions/string.py,method,Replace,__init__,B,6,111,150
piccolo/query/methods/alter.py,method,Alter,add_foreign_key_constraint,B,6,532,581
piccolo/query/methods/alter.py,method,Alter,default_ddl,B,6,617,651
piccolo/query/methods/refresh.py,method,Refresh,_update_instance,B,6,104,144
piccolo/query/methods/objects.py,method,UpdateSelf,run,B,6,198,230
piccolo/query/methods/objects.py,method,Objects,default_querystrings,B,6,561,589
piccolo/query/methods/update.py,method,Update,_validate,B,6,64,83
piccolo/columns/reference.py,method,LazyTableReference,resolve,B,6,52,81
piccolo/columns/base.py,method,Column,_validate_choices,B,6,678,703
piccolo/columns/combination.py,method,And,get_column_values,B,6,62,95
piccolo/columns/column_types.py,method,ConcatDelegate,get_querystring,B,6,105,136
piccolo/columns/column_types.py,method,ForeignKey,all_columns,B,6,2046,2094
piccolo/columns/column_types.py,method,ForeignKey,all_related,B,6,2152,2205
piccolo/utils/dictionary.py,function,,make_nested,B,6,6,58
piccolo/engine/postgres.py,method,PostgresTransaction,__aexit__,B,6,266,286
piccolo/engine/postgres.py,method,PostgresEngine,run_querystring,B,6,539,565
piccolo/engine/postgres.py,method,PostgresEngine,run_ddl,B,6,567,585
piccolo/apps/playground/commands/run.py,function,,populate,B,6,217,374
piccolo/apps/asgi/commands/new.py,function,,new,B,6,98,138
piccolo/apps/schema/commands/generate.py,function,,_process_column_type_kwargs,B,6,1007,1032
piccolo/apps/migrations/commands/backwards.py,function,,run_backwards,B,6,117,160
piccolo/apps/migrations/commands/forwards.py,method,ForwardsMigrationManager,_run_single_migration,B,6,44,62
piccolo/apps/migrations/auto/schema_differ.py,method,SchemaDiffer,drop_columns,B,6,540,563
piccolo/apps/migrations/auto/schema_differ.py,method,SchemaDiffer,add_columns,B,6,566,614
piccolo/apps/migrations/auto/migration_manager.py,method,MigrationManager,_run_drop_columns,B,6,805,840
piccolo/apps/migrations/auto/migration_manager.py,method,MigrationManager,_run_rename_columns,B,6,873,905
piccolo/apps/migrations/auto/migration_manager.py,method,MigrationManager,_run_add_tables,B,6,909,936
piccolo/apps/app/commands/new.py,function,,new_app,B,6,60,106
piccolo/apps/user/commands/list.py,function,,list_users,B,6,28,71
piccolo/apps/user/commands/change_permissions.py,function,,change_permissions,B,6,10,56
piccolo/query/base.py,method,DDL,ddl,B,7,412,434
piccolo/query/mixins.py,method,Distinct,validate_on,B,7,52,77
piccolo/query/mixins.py,method,OnConflictDelegate,on_conflict,B,7,755,784
piccolo/query/functions/string.py,method,Concat,__init__,B,7,73,106
piccolo/query/methods/select.py,method,Select,default_querystrings,B,7,693,749
piccolo/query/methods/objects.py,method,GetOrCreate,run,B,7,64,116
piccolo/columns/base.py,method,Column,_equals,B,7,793,849
piccolo/columns/base.py,method,Column,ddl,B,7,1091,1131
piccolo/utils/pydantic.py,function,,create_pydantic_model,B,7,300,449
piccolo/engine/sqlite.py,function,,serialise,B,7,102,122
piccolo/apps/migrations/commands/new.py,function,,_create_new_migration,B,7,114,166
piccolo/apps/migrations/commands/base.py,method,BaseMigrationManager,get_migration_modules,B,7,33,62
piccolo/apps/migrations/commands/base.py,method,BaseMigrationManager,get_migration_managers,B,7,72,115
piccolo/apps/migrations/commands/forwards.py,method,ForwardsMigrationManager,run_migrations,B,7,65,105
piccolo/apps/migrations/auto/schema_snapshot.py,method,SchemaSnapshot,_apply_alter_columns,B,7,109,129
piccolo/apps/migrations/auto/serialisation.py,function,,_handle_enum_type,B,7,685,721
piccolo/apps/user/tables.py,method,BaseUser,login,B,7,196,247
piccolo/querystring.py,method,QueryString,bundle,B,8,167,204
piccolo/querystring.py,method,QueryString,compile_string,B,8,206,235
piccolo/query/base.py,method,Query,querystrings,B,8,260,285
piccolo/query/functions/conditional.py,method,Coalesce,__init__,B,8,13,80
piccolo/query/functions/aggregate.py,method,Count,__init__,B,8,53,98
piccolo/query/methods/select.py,method,Select,_append_clauses,B,8,751,782
piccolo/utils/pydantic.py,function,,_validate_pydantic_params,B,8,151,173
piccolo/conf/apps.py,method,Finder,get_table_classes,B,8,572,598
piccolo/apps/asgi/commands/new.py,function,,_process_file,B,8,55,94
piccolo/apps/schema/commands/generate.py,function,,create_table_class_from_db,B,8,848,939
piccolo/apps/migrations/commands/new.py,function,,new,B,8,213,272
piccolo/apps/migrations/auto/serialisation.py,method,SerialisedTableType,__repr__,B,8,363,429
piccolo/apps/migrations/auto/migration_manager.py,method,MigrationManager,_run_alter_column_type,B,8,576,622
piccolo/apps/user/commands/create.py,function,,create,B,8,59,92
piccolo/table.py,method,TableMeta,get_column_by_name,B,9,213,255
piccolo/querystring.py,method,QueryString,__str__,B,9,136,165
piccolo/query/mixins.py,method,OnConflictItem,action_string,B,9,666,695
piccolo/query/mixins.py,method,LockRows,__post_init__,B,9,811,824
piccolo/query/functions/type_conversion.py,method,Cast,__init__,B,9,11,93
piccolo/query/methods/select.py,method,Select,_handle_m2m_postgres,B,9,475,503
piccolo/query/methods/select.py,method,Select,response_handler,B,9,505,526
piccolo/query/methods/insert.py,method,Insert,default_querystrings,B,9,107,149
piccolo/columns/m2m.py,method,M2MSelect,get_select_string,B,9,60,142
piccolo/columns/base.py,method,Column,get_sql_value,B,9,985,1030
piccolo/columns/base.py,method,Column,_get_postgres_sql_value,B,9,1047,1077
piccolo/columns/column_types.py,method,TimedeltaDelegate,get_querystring,B,9,244,297
piccolo/columns/column_types.py,method,ForeignKey,_setup,B,9,1979,2038
piccolo/utils/objects.py,function,,make_nested_object,B,9,12,79
piccolo/conf/apps.py,method,Finder,get_piccolo_conf_module,B,9,393,440
piccolo/conf/apps.py,method,PiccoloConfUpdater,_modify_app_registry_src,B,9,616,659
piccolo/apps/schema/commands/graph.py,function,,graph,B,9,47,113
piccolo/apps/migrations/auto/schema_differ.py,method,SchemaDiffer,alter_columns,B,9,466,536
piccolo/apps/migrations/auto/migration_manager.py,method,MigrationManager,_run_change_table_schema,B,9,1047,1093
piccolo/apps/fixtures/commands/load.py,function,,load_json_string,B,9,20,91
piccolo/table.py,method,Table,save,B,10,617,672
piccolo/table.py,method,Table,to_dict,B,10,881,931
piccolo/query/functions/datetime.py,method,AtTimeZone,__init__,B,10,256,326
piccolo/query/methods/select.py,method,Select,_splice_m2m_rows,B,10,375,416
piccolo/query/methods/create.py,method,Create,default_ddl,B,10,47,91
piccolo/columns/base.py,method,Column,_validate_default,B,10,639,675
piccolo/utils/sql_values.py,function,,convert_to_sql_value,B,10,14,50
piccolo/apps/migrations/auto/schema_differ.py,method,SchemaDiffer,check_renamed_columns,B,10,246,298
piccolo/apps/fixtures/commands/dump.py,function,,parse_args,B,10,70,110
piccolo/utils/pydantic.py,function,,_filter_piccolo_columns,C,11,112,148
piccolo/apps/sql_shell/commands/run.py,function,,run,C,11,12,66
piccolo/table.py,method,Table,__init__,C,12,520,594
piccolo/query/methods/select.py,method,Select,_get_joins,C,12,621,677
piccolo/apps/migrations/auto/migration_manager.py,method,MigrationManager,run,C,12,1097,1143
piccolo/table.py,method,Table,_classify_columns,C,13,428,499
piccolo/testing/model_builder.py,method,ModelBuilder,_build,C,13,104,154
piccolo/testing/model_builder.py,method,ModelBuilder,_randomize_attribute,C,13,157,199
piccolo/query/methods/select.py,method,Select,_handle_m2m_sqlite,C,13,418,473
piccolo/utils/pydantic.py,function,,_build_extra_for_column,C,13,199,275
piccolo/utils/printing.py,function,,print_dict_table,C,13,24,57
piccolo/apps/playground/commands/run.py,function,,run,C,13,379,473
piccolo/apps/schema/commands/generate.py,function,,get_output_schema,C,13,1035,1124
piccolo/apps/migrations/auto/schema_differ.py,method,SchemaDiffer,check_rename_tables,C,13,137,222
piccolo/apps/migrations/auto/serialisation_legacy.py,function,,deserialise_legacy_params,C,13,11,56
piccolo/apps/migrations/auto/serialisation.py,function,,deserialise_params,C,13,887,916
piccolo/main.py,function,,main,C,14,37,146
piccolo/query/base.py,method,Query,_load_json_columns,C,14,63,106
piccolo/columns/column_types.py,method,ForeignKey,__getattribute__,C,14,2255,2330
piccolo/apps/migrations/commands/backwards.py,method,BackwardsMigrationManager,run_migrations_backwards,C,14,32,109
piccolo/apps/migrations/auto/diffable_table.py,method,DiffableTable,__sub__,C,14,115,208
piccolo/apps/migrations/auto/migration_manager.py,method,MigrationManager,_run_add_columns,C,16,938,1044
piccolo/table.py,method,Table,_table_str,C,18,1551,1652
piccolo/conf/apps.py,function,,table_finder,C,19,48,140
